equation_id,source_paragraph_id,original_text,normalized_latex,symbols,declared_units,dimensional_check,status,rationale
UMCH-EQ-0001,UMCH-SRC-P0008,"Il principio d'inerzia classico assume che in assenza di forze un corpo persista in uno stato di moto rettilineo uniforme, corrispondente all'annullamento della quadri-accelerazione Aμ=0. In questo lavoro postuliamo che la linea d'universo di qualsiasi entità fisica dotata di energia-impulso sia soggetta a una curvatura geodetica minima ineliminabile κ0​>0.",,,,NOT_CHECKED,UNREVIEWED,Automatically detected formula candidate; requires human mathematical review.
UMCH-EQ-0002,UMCH-SRC-P0009,"Nel quadro di Frenet-Serret 4D, la quadri-velocità Uμ e la quadri-accelerazione Aμ soddisfano il vincolo:",,,,NOT_CHECKED,UNREVIEWED,Automatically detected formula candidate; requires human mathematical review.
UMCH-EQ-0003,UMCH-SRC-P0010,"dτDUμ​=Aμ=c2κ(τ)Nμ,κ(τ)≥κ0​>0","D U^\mu/d\tau=A^\mu=c^2\kappa N^\mu,\quad \kappa\ge\kappa_0>0",U^μ;A^μ;τ;κ;κ₀;N^μ;c,[A]=LT^-2;[κ]=[κ₀]=L^-1,PASS_WITH_HYPOTHESIS_SEPARATION,CORRECTABLE,Identity and independent lower-bound hypothesis must be separated.
UMCH-EQ-0004,UMCH-SRC-P0011,"dove Nμ è il quadri-vettore normale unitario (NμNμ​=1) e UμUμ​=−c2. Poiché Uμ​Nμ=0, la norma dell'energia-impulso PμPμ​=−m02​c2 rimane rigorosamente invariante.","N^\mu N_\mu=1,\ U^\mu U_\mu=-c^2,\ P^\mu P_\mu=-m_0^2c^2",N^μ;U^μ;P^μ;m₀;c,[P²]=M²L²T^-2,PASS_WITH_CONSTANT_MASS_ASSUMPTION,SUPPORTED_WITH_CONDITIONS,"Requires P=m₀U, constant rest mass, and normalized N where κ is nonzero."
UMCH-EQ-0005,UMCH-SRC-P0014,m0​Aμ=Fextμ​+τ0​m0​(dτDAμ​−c2Aα​Aα​Uμ),,,,NOT_CHECKED,UNREVIEWED,Automatically detected formula candidate; requires human mathematical review.
UMCH-EQ-0006,UMCH-SRC-P0015,"con τ0​=6πϵ0​m0​c3q2​. Utilizzando le equazioni di Frenet-Serret 4D per sviluppare dτDAμ​=c2κ˙Nμ+c2κ2Uμ+c2κτ1​Bμ (dove Bμ è il quadri-vettore binormale e τ1​ è la torsione geodetica), la quadri-forza di reazione si riduce a:",,,,NOT_CHECKED,UNREVIEWED,Automatically detected formula candidate; requires human mathematical review.
UMCH-EQ-0007,UMCH-SRC-P0016,Fradμ​=τ0​m0​c2(κ˙Nμ+κτ1​Bμ),,,,NOT_CHECKED,UNREVIEWED,Automatically detected formula candidate; requires human mathematical review.
UMCH-EQ-0008,UMCH-SRC-P0017,"Imponendo il vincolo di curvatura costante κ(τ)=κ0​, si ottiene l'equazione regolarizzata:",,,,NOT_CHECKED,UNREVIEWED,Automatically detected formula candidate; requires human mathematical review.
UMCH-EQ-0009,UMCH-SRC-P0018,m0​c2κ0​Nμ=Fextμ​+τ0​m0​c2κ0​τ1​Bμ,,,,NOT_CHECKED,UNREVIEWED,Automatically detected formula candidate; requires human mathematical review.
UMCH-EQ-0010,UMCH-SRC-P0019,L'auto-forza agisce esclusivamente lungo la binormale Bμ. Questo sopprime analiticamente le soluzioni instabili runaway senza violare l'ortogonalità Uμ​Fradμ​=0.,,,,NOT_CHECKED,UNREVIEWED,Automatically detected formula candidate; requires human mathematical review.
UMCH-EQ-0011,UMCH-SRC-P0021,La carica vincolata alla traiettoria con curvatura κ0​ e torsione τ1​ eccita il vuoto quantistico generante uno stato coerente di Glauber per il campo EM ∣ΨEM​⟩=D^[α]∣0⟩ e per il campo di gravitoni ∣Ψgrav​⟩=D^[β]∣0G​⟩.,,,,NOT_CHECKED,UNREVIEWED,Automatically detected formula candidate; requires human mathematical review.
UMCH-EQ-0012,UMCH-SRC-P0024,"α(k,λ)=ℏ2ωk​ϵ0​​iq​ϵμ(λ)∗​∫dτUμ(τ)eik⋅x(τ)",,,,NOT_CHECKED,UNREVIEWED,Automatically detected formula candidate; requires human mathematical review.
UMCH-EQ-0013,UMCH-SRC-P0025,"β(k,σ)=2ℏ2ωk​​i16πG​m0​c​ϵμν(σ)∗​∫dτUμ(τ)Uν(τ)eik⋅x(τ)",,,,NOT_CHECKED,UNREVIEWED,Automatically detected formula candidate; requires human mathematical review.
UMCH-EQ-0014,UMCH-SRC-P0026,L'espansione della fase k⋅x(τ) contiene un termine cubico 61​c2κ0​τ1​(k⋅B0​)τ3 che converge in integrali di tipo Airy. I quanti emessi trasportano Momento Angolare Orbitale (OAM) quantizzato:,,,,NOT_CHECKED,UNREVIEWED,Automatically detected formula candidate; requires human mathematical review.
UMCH-EQ-0015,UMCH-SRC-P0027,"Lz(EM)​=ℏℓ,Jz(grav)​=(ℓ±2)ℏ,con ℓ≈⌊τ1​R⌋",,,,NOT_CHECKED,UNREVIEWED,Automatically detected formula candidate; requires human mathematical review.
UMCH-EQ-0016,UMCH-SRC-P0029,L'emissione continua dello stato coerente di gravitoni provoca la perdita di coerenza della matrice di densità ridotta della particella ρAB​(τ)=ρAB​(0)e−Γκ0​​τ.,,,,NOT_CHECKED,UNREVIEWED,Automatically detected formula candidate; requires human mathematical review.
UMCH-EQ-0017,UMCH-SRC-P0030,"Γκ0​​≈ℏGm02​c3κ02​​(λeff​∣Δx∣​)2f(κ0​,τ1​)",,,,NOT_CHECKED,UNREVIEWED,Automatically detected formula candidate; requires human mathematical review.
UMCH-EQ-0018,UMCH-SRC-P0033,"Modello DP: ΓDP​=ℏEG​​, dove EG​ è l'energia di sovrapposizione gravitazionale statica Newtoniana. Richiede un cut-off ad hoc R0​ per evitare divergenze ultraviolette e prevede un riscaldamento stocastico isotropo.",,,,NOT_CHECKED,UNREVIEWED,Automatically detected formula candidate; requires human mathematical review.
UMCH-EQ-0019,UMCH-SRC-P0034,"Modello κ0​: La decoerenza è un effetto dinamicamente aperto e relativistico indotto dall'accelerazione propria minima. È intrinsecamente privo di divergenze UV grazie alla scala di cutoff naturale 1/κ0​, ed è modulabile cinematicamente tramite l'accelerazione della trappola/sistema.",,,,NOT_CHECKED,UNREVIEWED,Automatically detected formula candidate; requires human mathematical review.
UMCH-EQ-0020,UMCH-SRC-P0036,Il rapporto tra la potenza irradiata in fotoni e gravitoni per una particella con carica q e massa m0​ a velocità v=βc è:,,,,NOT_CHECKED,UNREVIEWED,Automatically detected formula candidate; requires human mathematical review.
UMCH-EQ-0021,UMCH-SRC-P0037,R=Pgrav​PEM​​=12πϵ0​Gβ2c45​(m0​q​)2,,,,NOT_CHECKED,UNREVIEWED,Automatically detected formula candidate; requires human mathematical review.
UMCH-EQ-0022,UMCH-SRC-P0040,"Limite Cinematico: Poiché β→1 per un osservatore locale stazionario (FIDO), il rapporto locale converge a Rorizzonte​=12πϵ0​Gc45​(q/m0​)2.",,,,NOT_CHECKED,UNREVIEWED,Automatically detected formula candidate; requires human mathematical review.
UMCH-EQ-0023,UMCH-SRC-P0041,Conversione di Modo (Gertsenshtein): L'intenso campo elettrico E(r)=Q/(4πϵ0​r2) induce una conversione risonante tra perturbazioni di spin-1 e spin-2.,,,,NOT_CHECKED,UNREVIEWED,Automatically detected formula candidate; requires human mathematical review.
UMCH-EQ-0024,UMCH-SRC-P0042,"Fattori di Corpo Grigio: Per un osservatore all'infinito r→∞, la trasmissione della barriera di potenziale sopprime maggiormente i modi gravitazionali (s=2) rispetto a quelli elettromagnetici (s=1), amplificando il rapporto misurato R∞​>Rorizzonte​.",,,,NOT_CHECKED,UNREVIEWED,Automatically detected formula candidate; requires human mathematical review.
UMCH-EQ-0025,UMCH-SRC-P0044,"L'introduzione del vincolo κ≥κ0​>0 fornisce una struttura teorica coerente che risolve il problema delle divergenze nell'equazione ALD, predice la generazione spontanea di stati coerenti di vortici di fotoni/gravitoni e offre un meccanismo di decoerenza gravitazionale cinematicamente testabile via optomeccanica.",,,,NOT_CHECKED,UNREVIEWED,Automatically detected formula candidate; requires human mathematical review.
UMCH-EQ-0026,UMCH-SRC-P0049,"The classical principle of inertia assumes that in the absence of forces, a body persists in a state of uniform rectilinear motion, corresponding to the vanishing of the four-acceleration Aμ=0. In this work, we postulate that the worldline of any physical entity possessing energy-momentum is subject to an unavoidable minimum geodesic curvature κ0​>0.",,,,NOT_CHECKED,UNREVIEWED,Automatically detected formula candidate; requires human mathematical review.
UMCH-EQ-0027,UMCH-SRC-P0050,"In the 4D Frenet-Serret frame, the four-velocity Uμ and four-acceleration Aμ satisfy the constraint:",,,,NOT_CHECKED,UNREVIEWED,Automatically detected formula candidate; requires human mathematical review.
UMCH-EQ-0028,UMCH-SRC-P0051,"dτDUμ​=Aμ=c2κ(τ)Nμ,κ(τ)≥κ0​>0","D U^\mu/d\tau=A^\mu=c^2\kappa N^\mu,\quad \kappa\ge\kappa_0>0",U^μ;A^μ;τ;κ;κ₀;N^μ;c,[A]=LT^-2;[κ]=[κ₀]=L^-1,PASS_WITH_HYPOTHESIS_SEPARATION,CORRECTABLE,English duplicate; identity and hypothesis must be separated.
UMCH-EQ-0029,UMCH-SRC-P0052,"where Nμ is the unit normal four-vector (NμNμ​=1) and UμUμ​=−c2. Since Uμ​Nμ=0, the energy-momentum norm PμPμ​=−m02​c2 remains strictly invariant.","N^\mu N_\mu=1,\ U^\mu U_\mu=-c^2,\ P^\mu P_\mu=-m_0^2c^2",N^μ;U^μ;P^μ;m₀;c,[P²]=M²L²T^-2,PASS_WITH_CONSTANT_MASS_ASSUMPTION,SUPPORTED_WITH_CONDITIONS,English duplicate with same assumptions.
UMCH-EQ-0030,UMCH-SRC-P0055,m0​Aμ=Fextμ​+τ0​m0​(dτDAμ​−c2Aα​Aα​Uμ),,,,NOT_CHECKED,UNREVIEWED,Automatically detected formula candidate; requires human mathematical review.
UMCH-EQ-0031,UMCH-SRC-P0056,"where τ0​=6πϵ0​m0​c3q2​. Using the 4D Frenet-Serret relations to expand dτDAμ​=c2κ˙Nμ+c2κ2Uμ+c2κτ1​Bμ (where Bμ is the binormal four-vector and τ1​ is the geodesic torsion), the radiation self-force reduces to:",,,,NOT_CHECKED,UNREVIEWED,Automatically detected formula candidate; requires human mathematical review.
UMCH-EQ-0032,UMCH-SRC-P0057,Fradμ​=τ0​m0​c2(κ˙Nμ+κτ1​Bμ),,,,NOT_CHECKED,UNREVIEWED,Automatically detected formula candidate; requires human mathematical review.
UMCH-EQ-0033,UMCH-SRC-P0058,"Imposing the constant curvature constraint κ(τ)=κ0​, we obtain the regularized equation:",,,,NOT_CHECKED,UNREVIEWED,Automatically detected formula candidate; requires human mathematical review.
UMCH-EQ-0034,UMCH-SRC-P0059,m0​c2κ0​Nμ=Fextμ​+τ0​m0​c2κ0​τ1​Bμ,,,,NOT_CHECKED,UNREVIEWED,Automatically detected formula candidate; requires human mathematical review.
UMCH-EQ-0035,UMCH-SRC-P0060,The self-force acts exclusively along the binormal Bμ. This analytically suppresses unstable runaway solutions without violating orthogonality Uμ​Fradμ​=0.,,,,NOT_CHECKED,UNREVIEWED,Automatically detected formula candidate; requires human mathematical review.
UMCH-EQ-0036,UMCH-SRC-P0062,"A charge constrained to a trajectory with curvature κ0​ and torsion τ1​ excites the quantum vacuum, generating a Glauber coherent state for the EM field ∣ΨEM​⟩=D^[α]∣0⟩ and the graviton field ∣Ψgrav​⟩=D^[β]∣0G​⟩.",,,,NOT_CHECKED,UNREVIEWED,Automatically detected formula candidate; requires human mathematical review.
UMCH-EQ-0037,UMCH-SRC-P0065,"α(k,λ)=ℏ2ωk​ϵ0​​iq​ϵμ(λ)∗​∫dτUμ(τ)eik⋅x(τ)",,,,NOT_CHECKED,UNREVIEWED,Automatically detected formula candidate; requires human mathematical review.
UMCH-EQ-0038,UMCH-SRC-P0066,"β(k,σ)=2ℏ2ωk​​i16πG​m0​c​ϵμν(σ)∗​∫dτUμ(τ)Uν(τ)eik⋅x(τ)",,,,NOT_CHECKED,UNREVIEWED,Automatically detected formula candidate; requires human mathematical review.
UMCH-EQ-0039,UMCH-SRC-P0067,The expansion of the phase k⋅x(τ) contains a cubic term 61​c2κ0​τ1​(k⋅B0​)τ3 which converges into Airy-type integrals. The emitted quanta carry quantized Orbital Angular Momentum (OAM):,,,,NOT_CHECKED,UNREVIEWED,Automatically detected formula candidate; requires human mathematical review.
UMCH-EQ-0040,UMCH-SRC-P0068,"Lz(EM)​=ℏℓ,Jz(grav)​=(ℓ±2)ℏ,with ℓ≈⌊τ1​R⌋",,,,NOT_CHECKED,UNREVIEWED,Automatically detected formula candidate; requires human mathematical review.
UMCH-EQ-0041,UMCH-SRC-P0070,Continuous emission of the coherent graviton state induces a loss of coherence in the particle's reduced density matrix ρAB​(τ)=ρAB​(0)e−Γκ0​​τ.,,,,NOT_CHECKED,UNREVIEWED,Automatically detected formula candidate; requires human mathematical review.
UMCH-EQ-0042,UMCH-SRC-P0071,"Γκ0​​≈ℏGm02​c3κ02​​(λeff​∣Δx∣​)2f(κ0​,τ1​)",,,,NOT_CHECKED,UNREVIEWED,Automatically detected formula candidate; requires human mathematical review.
UMCH-EQ-0043,UMCH-SRC-P0074,"DP Model: ΓDP​=ℏEG​​, where EG​ is the static Newtonian gravitational superposition energy. Requires an ad hoc cut-off R0​ to prevent ultraviolet divergences and predicts isotropic stochastic heating.",,,,NOT_CHECKED,UNREVIEWED,Automatically detected formula candidate; requires human mathematical review.
UMCH-EQ-0044,UMCH-SRC-P0075,"κ0​ Model: Decoherence is a dynamically open, relativistic effect driven by the minimum proper acceleration. It is inherently free of UV divergences due to the natural cutoff scale 1/κ0​, and can be kinematically modulated by adjusting the trap/system acceleration.",,,,NOT_CHECKED,UNREVIEWED,Automatically detected formula candidate; requires human mathematical review.
UMCH-EQ-0045,UMCH-SRC-P0077,The ratio between emitted electromagnetic and gravitational power for a particle with charge q and mass m0​ moving at velocity v=βc is:,,,,NOT_CHECKED,UNREVIEWED,Automatically detected formula candidate; requires human mathematical review.
UMCH-EQ-0046,UMCH-SRC-P0078,R=Pgrav​PEM​​=12πϵ0​Gβ2c45​(m0​q​)2,,,,NOT_CHECKED,UNREVIEWED,Automatically detected formula candidate; requires human mathematical review.
UMCH-EQ-0047,UMCH-SRC-P0081,"Kinematic Limit: As β→1 for a local stationary observer (FIDO), the local ratio converges to Rhorizon​=12πϵ0​Gc45​(q/m0​)2.",,,,NOT_CHECKED,UNREVIEWED,Automatically detected formula candidate; requires human mathematical review.
UMCH-EQ-0048,UMCH-SRC-P0082,Mode Conversion (Gertsenshtein Effect): The strong background electric field E(r)=Q/(4πϵ0​r2) induces resonant conversion between spin-1 and spin-2 perturbations.,,,,NOT_CHECKED,UNREVIEWED,Automatically detected formula candidate; requires human mathematical review.
UMCH-EQ-0049,UMCH-SRC-P0083,"Greybody Factors: For an observer at infinity r→∞, potential barrier transmission suppresses gravitational modes (s=2) more strongly than electromagnetic ones (s=1), increasing the measured ratio R∞​>Rhorizon​.",,,,NOT_CHECKED,UNREVIEWED,Automatically detected formula candidate; requires human mathematical review.
UMCH-EQ-0050,UMCH-SRC-P0085,"Introducing the constraint κ≥κ0​>0 yields a consistent theoretical framework that resolves divergence issues in the ALD equation, predicts the spontaneous generation of photon/graviton vortex coherent states, and provides a gravitationally induced decoherence mechanism that is kinematically testable via optomechanics.",,,,NOT_CHECKED,UNREVIEWED,Automatically detected formula candidate; requires human mathematical review.
UMCH-EQ-0051,UMCH-SRC-P0092,"Assumiamo che nello spaziotempo quadridimensionale dotato di metrica gμν​ con segnatura (−,+,+,+), la linea d'universo xμ(τ) di una particella carica di massa m0​ e carica q soddisfi le equazioni cinematiche nel tetrade di Frenet-Serret 4D:",,,,NOT_CHECKED,UNREVIEWED,Automatically detected formula candidate; requires human mathematical review.
UMCH-EQ-0052,UMCH-SRC-P0093,"dτDUμ​=Aμ=c2κ(τ)Nμ,con κ(τ)≥κ0​>0","D U^\mu/d\tau=A^\mu=c^2\kappa N^\mu,\quad \kappa\ge\kappa_0>0",U^μ;A^μ;τ;κ;κ₀;N^μ;c,[A]=LT^-2;[κ]=[κ₀]=L^-1,PASS_WITH_HYPOTHESIS_SEPARATION,UNPROVEN,Lower bound remains unproved and is in tension with geodesic motion.
UMCH-EQ-0053,UMCH-SRC-P0094,"dove Uμ=dτdxμ​ è la quadri-velocità (UμUμ​=−c2), Nμ è il quadri-vettore normale unitario (NμNμ​=1), e κ(τ) rappresenta la curvatura geodetica propria.","U^\mu=dx^\mu/d\tau,\ U^\mu U_\mu=-c^2,\ N^\mu N_\mu=1",x^μ;τ;U^μ;N^μ;c,[U]=LT^-1,PASS_WITH_REGULARITY_CONDITIONS,CORRECTABLE,Terminology should use timelike worldline curvature and state N is undefined at κ=0 without continuation.
UMCH-EQ-0054,UMCH-SRC-P0096,"Nel formalismo di Kaluza-Klein esteso, lo spaziotempo a 5 dimensioni possiede un tensore metrico g^​AB​ (A,B=0,1,2,3,5):",,,,NOT_CHECKED,UNREVIEWED,Automatically detected formula candidate; requires human mathematical review.
UMCH-EQ-0055,UMCH-SRC-P0097,g^​AB​dxAdxB=gμν​dxμdxν+ϕ2(dx5+kAμ​dxμ)2,,,,NOT_CHECKED,UNREVIEWED,Automatically detected formula candidate; requires human mathematical review.
UMCH-EQ-0056,UMCH-SRC-P0098,ponendo lo scalare dilatonico ϕ=1 e la costante di accoppiamento k=c416πGϵ0​​​=m0​c22q​.,,,,NOT_CHECKED,UNREVIEWED,Automatically detected formula candidate; requires human mathematical review.
UMCH-EQ-0057,UMCH-SRC-P0100,dτ^2d2xA​+Γ^BCA​dτ^dxB​dτ^dxC​=0,,,,NOT_CHECKED,UNREVIEWED,Automatically detected formula candidate; requires human mathematical review.
UMCH-EQ-0058,UMCH-SRC-P0101,"Proiettando le prime quattro componenti (A=μ) sullo spaziotempo 4D, si ottiene:",,,,NOT_CHECKED,UNREVIEWED,Automatically detected formula candidate; requires human mathematical review.
UMCH-EQ-0059,UMCH-SRC-P0102,dτDUμ​=m0​q​Fμνuν​,,,,NOT_CHECKED,UNREVIEWED,Automatically detected formula candidate; requires human mathematical review.
UMCH-EQ-0060,UMCH-SRC-P0103,Applicando la norma della quadri-accelerazione sotto il vincolo κ≥κ0​:,,,,NOT_CHECKED,UNREVIEWED,Automatically detected formula candidate; requires human mathematical review.
UMCH-EQ-0061,UMCH-SRC-P0104,κ2=c4gμα​AμAα​=(m0​c2q​)2gμα​FμνFαβUν​Uβ​≥κ02​>0,,,,NOT_CHECKED,UNREVIEWED,Automatically detected formula candidate; requires human mathematical review.
UMCH-EQ-0062,UMCH-SRC-P0105,Risultato: Il tensore di campo elettromagnetico Fμν​ e il tensore di curvatura di Riemann Rαβμν​ non sono entità disgiunte: Fμν​ costituisce la manifestazione geometrica necessaria affinché la linea d'universo mantenga la curvatura cinematica minima κ0​.,,,,NOT_CHECKED,UNREVIEWED,Automatically detected formula candidate; requires human mathematical review.
UMCH-EQ-0063,UMCH-SRC-P0109,m0​Aμ=Fextμ​+τ0​m0​(dτDAμ​−c2Aα​Aα​Uμ),,,,NOT_CHECKED,UNREVIEWED,Automatically detected formula candidate; requires human mathematical review.
UMCH-EQ-0064,UMCH-SRC-P0110,con τ0​=6πϵ0​m0​c3q2​. Sviluppando la derivata della quadri-accelerazione tramite le relazioni di Frenet-Serret 4D:,,,,NOT_CHECKED,UNREVIEWED,Automatically detected formula candidate; requires human mathematical review.
UMCH-EQ-0065,UMCH-SRC-P0111,dτDAμ​=c2κ˙Nμ+c2κ2Uμ+c2κτ1​Bμ,,,,NOT_CHECKED,UNREVIEWED,Automatically detected formula candidate; requires human mathematical review.
UMCH-EQ-0066,UMCH-SRC-P0112,"dove Bμ è il quadri-vettore binormale unitario e τ1​ è la torsione geodetica. Sostituendo tale sviluppo nell'equazione ALD, il termine proporzionale a Uμ (c2κ2Uμ) cancella esattamente il termine di Schottky −c2Aα​Aα​Uμ=−c2κ2Uμ:",,,,NOT_CHECKED,UNREVIEWED,Automatically detected formula candidate; requires human mathematical review.
UMCH-EQ-0067,UMCH-SRC-P0113,Fradμ​=τ0​m0​c2(κ˙Nμ+κτ1​Bμ),,,,NOT_CHECKED,UNREVIEWED,Automatically detected formula candidate; requires human mathematical review.
UMCH-EQ-0068,UMCH-SRC-P0114,"Sotto la condizione di curvatura minima costante κ(τ)=κ0​⟹κ˙=0, l'equazione del moto diviene:",,,,NOT_CHECKED,UNREVIEWED,Automatically detected formula candidate; requires human mathematical review.
UMCH-EQ-0069,UMCH-SRC-P0115,m0​c2κ0​Nμ=Fextμ​+τ0​m0​c2κ0​τ1​Bμ,,,,NOT_CHECKED,UNREVIEWED,Automatically detected formula candidate; requires human mathematical review.
UMCH-EQ-0070,UMCH-SRC-P0116,"Poiché l'auto-forza agisce esclusivamente lungo la direzione binormale Bμ, le componenti lungo la normale Nμ non contengono derivate temporali di ordine superiore a due, eliminando analiticamente le soluzioni esponenziali divergenti (runaway solutions).",,,,NOT_CHECKED,UNREVIEWED,Automatically detected formula candidate; requires human mathematical review.
UMCH-EQ-0071,UMCH-SRC-P0118,"In presenza di curvatura gravitazionale di fondo Rαβμν​=0, la propagation della radiazione elettromagnetica avviene lungo il cono di luce e all'interno di esso (a causa della dispersione sulla curvatura). L'equazione del moto si generalizza nell'equazione di DeWitt-Brehme:",,,,NOT_CHECKED,UNREVIEWED,Automatically detected formula candidate; requires human mathematical review.
UMCH-EQ-0072,UMCH-SRC-P0119,"m0​Aμ=qFextμν​Uν​+32​c3q2​m0​(dτDAμ​−c2κ02​Uμ)+q2Uν​∫−∞τ​∇[μGα′ν]​(x(τ),x′(τ′))Uα′dτ′",,,,NOT_CHECKED,UNREVIEWED,Automatically detected formula candidate; requires human mathematical review.
UMCH-EQ-0073,UMCH-SRC-P0120,"dove Gα′ν​(x,x′) è il tensore di Green ritardato del campo elettromagnetico nello spaziotempo curvo. L'accoppiamento tra carica e gravitazione si manifesta nel termine di coda (tail term), il quale dimostra che la radiazione emessa dalla particella vincolata a κ0​ interagisce con la curvatura locale di Riemann lungo tutta la sua storia passata.",,,,NOT_CHECKED,UNREVIEWED,Automatically detected formula candidate; requires human mathematical review.
UMCH-EQ-0074,UMCH-SRC-P0124,An​=gn−2i∑​Di​ci​ni​​,,,,NOT_CHECKED,UNREVIEWED,Automatically detected formula candidate; requires human mathematical review.
UMCH-EQ-0075,UMCH-SRC-P0125,"dove ci​ sono i fattori di colore, Di​ sono i propagatori quadratici dei canali kinematici, e ni​ sono i fattori cinematici dipendenti dalle polarizzazioni ϵμ​ e dai quadri-momenti kμ​.",,,,NOT_CHECKED,UNREVIEWED,Automatically detected formula candidate; requires human mathematical review.
UMCH-EQ-0076,UMCH-SRC-P0127,Mn​=(2κgrav​​)n−2i∑​Di​ni2​​,,,,NOT_CHECKED,UNREVIEWED,Automatically detected formula candidate; requires human mathematical review.
UMCH-EQ-0077,UMCH-SRC-P0128,"Poiché il moto della sorgente ammette un vincolo cinematico inferiore κ0​, i numeratori cinematici ni​ contengono contrazioni del tipo (k⋅A)=c2κ0​(k⋅N)=0. Di conseguenza:",,,,NOT_CHECKED,UNREVIEWED,Automatically detected formula candidate; requires human mathematical review.
UMCH-EQ-0078,UMCH-SRC-P0129,ni​(κ0​)=0⟹Mn​∝[An​]2,,,,NOT_CHECKED,UNREVIEWED,Automatically detected formula candidate; requires human mathematical review.
UMCH-EQ-0079,UMCH-SRC-P0130,"Ogni processo di emissione o scattering di fotoni di norma κ0​ mappa direttamente in un processo di emissione di gravitoni, confermando la dualità quantistica (Gravitaˋ)∼(Gauge)2.",,,,NOT_CHECKED,UNREVIEWED,Automatically detected formula candidate; requires human mathematical review.
UMCH-EQ-0080,UMCH-SRC-P0133,"Una carica vincolata a una traiettoria elicitale con curvatura κ0​ e torsione τ1​ genera una corrente quantizzata che eccita lo stato di vuoto dei campi, producendo uno stato coerente di Glauber:",,,,NOT_CHECKED,UNREVIEWED,Automatically detected formula candidate; requires human mathematical review.
UMCH-EQ-0081,UMCH-SRC-P0134,"∣ΨEM​⟩=D^[α]∣0⟩,∣Ψgrav​⟩=D^[β]∣0G​⟩",,,,NOT_CHECKED,UNREVIEWED,Automatically detected formula candidate; requires human mathematical review.
UMCH-EQ-0082,UMCH-SRC-P0135,"Le ampiezze di coerenza α(k,λ) per fotoni di polarizzazione λ e β(k,σ) per gravitoni di elicità σ=±2 sono:",,,,NOT_CHECKED,UNREVIEWED,Automatically detected formula candidate; requires human mathematical review.
UMCH-EQ-0083,UMCH-SRC-P0136,"α(k,λ)=ℏ2ωk​ϵ0​​iq​ϵμ(λ)∗​∫−∞∞​dτUμ(τ)eik⋅x(τ)",,,,NOT_CHECKED,UNREVIEWED,Automatically detected formula candidate; requires human mathematical review.
UMCH-EQ-0084,UMCH-SRC-P0137,"β(k,σ)=2ℏ2ωk​​i16πG​m0​c​ϵμν(σ)∗​∫−∞∞​dτUμ(τ)Uν(τ)eik⋅x(τ)",,,,NOT_CHECKED,UNREVIEWED,Automatically detected formula candidate; requires human mathematical review.
UMCH-EQ-0085,UMCH-SRC-P0138,Espandendo la fase k⋅x(τ) attorno a τ=0 nel tetrade di Frenet-Serret:,,,,NOT_CHECKED,UNREVIEWED,Automatically detected formula candidate; requires human mathematical review.
UMCH-EQ-0086,UMCH-SRC-P0139,xμ(τ)=x0μ​+U0μ​τ+21​c2κ0​N0μ​τ2+61​c2κ0​τ1​B0μ​τ3+O(τ4),,,,NOT_CHECKED,UNREVIEWED,Automatically detected formula candidate; requires human mathematical review.
UMCH-EQ-0087,UMCH-SRC-P0141,"Lz(EM)​=ℏℓ,Jz(grav)​=(ℓ±2)ℏ,con ℓ≈⌊τ1​R⌋",,,,NOT_CHECKED,UNREVIEWED,Automatically detected formula candidate; requires human mathematical review.
UMCH-EQ-0088,UMCH-SRC-P0143,L'emissione continua di gravitoni incoerenti legati alla curvatura κ0​ distrugge la sovrapposizione quantistica di uno stato spaziale ∣ψ⟩=2​1​(∣xA​⟩+∣xB​⟩). Il tasso di decoerenza Γκ0​​ è dato da:,,,,NOT_CHECKED,UNREVIEWED,Automatically detected formula candidate; requires human mathematical review.
UMCH-EQ-0089,UMCH-SRC-P0144,"Γκ0​​=ℏGm02​c3κ02​​(λeff​∣Δx∣​)2f(κ0​,τ1​)",,,,NOT_CHECKED,UNREVIEWED,Automatically detected formula candidate; requires human mathematical review.
UMCH-EQ-0090,UMCH-SRC-P0147,Calcoliamo la potenza totale emessa da una carica q di massa m0​ in moto con velocità v=βc e accelerazione propria a=c2κ0​.,,,,NOT_CHECKED,UNREVIEWED,Automatically detected formula candidate; requires human mathematical review.
UMCH-EQ-0091,UMCH-SRC-P0148,"Potenza Elettromagnetica (Larmor Relativistica):
PEM​=6πϵ0​q2cκ02​​",,,,NOT_CHECKED,UNREVIEWED,Automatically detected formula candidate; requires human mathematical review.
UMCH-EQ-0092,UMCH-SRC-P0149,"Potenza Gravitazionale (Einstein-Larmor Quadrupolare):
Pgrav​=52Gm02​c5κ02​β2​",,,,NOT_CHECKED,UNREVIEWED,Automatically detected formula candidate; requires human mathematical review.
UMCH-EQ-0093,UMCH-SRC-P0151,R=Pgrav​PEM​​=52Gm02​c5κ02​β2​6πϵ0​q2cκ02​​​=12πϵ0​Gβ2c45​(m0​q​)2=3β2c25​(FG​FE​​),,,,NOT_CHECKED,UNREVIEWED,Automatically detected formula candidate; requires human mathematical review.
UMCH-EQ-0094,UMCH-SRC-P0152,Il parametro κ02​ si semplifica perfettamente: il rapporto R è un'invariante strutturale del sistema materia-campo.,,,,NOT_CHECKED,UNREVIEWED,Automatically detected formula candidate; requires human mathematical review.
UMCH-EQ-0095,UMCH-SRC-P0155,"ds2=−f(r)c2dt2+f(r)dr2​+r2dΩ2,f(r)=1−rrs​​+r2rQ2​​",,,,NOT_CHECKED,UNREVIEWED,Automatically detected formula candidate; requires human mathematical review.
UMCH-EQ-0096,UMCH-SRC-P0157,"Limite FIDO (β→1): Per un osservatore stazionario a riposo locale (Zero Angular Momentum Observer / FIDO), qualsiasi particella in caduta o in orbita radiale raggiunge la velocità della luce β→1. Il rapporto locale tende al valore asintotico:
Rorizzonte​=12πϵ0​Gc45​(m0​q​)2",,,,NOT_CHECKED,UNREVIEWED,Automatically detected formula candidate; requires human mathematical review.
UMCH-EQ-0097,UMCH-SRC-P0158,Conversione di Modo di Gertsenshtein: L'intenso campo elettrico radiale del buco nero E(r)=4πϵ0​r2Q​ funge da catalizzatore: le onde gravitazionali hμν​ (spin-2) e le onde elettromagnetiche fμν​ (spin-1) si convertono reciprocamente a causa del termine d'interazione nel lagrangiano Lint​∼Fμνfμν​h.,,,,NOT_CHECKED,UNREVIEWED,Automatically detected formula candidate; requires human mathematical review.
UMCH-EQ-0098,UMCH-SRC-P0159,"Fattori di Corpo Grigio (Greybody Factors): La radiazione prodotta vicino a r+​ deve attraversare la barriera di potenziale Vs​(r) per raggiungere r→∞. Poiché il potenziale centrifugo per spin s=2 è superiore a quello per spin s=1:
Ts=2​(ω)<Ts=1​(ω)
Per un osservatore distante, la radiazione gravitazionale viene filtrata maggiormente rispetto a quella elettromagnetica, determinando un incremento del rapporto misurato a distanza:
R∞​(ω)=Rorizzonte​⋅​Ts=2​(ω)Ts=1​(ω)​​2>Rorizzonte​",,,,NOT_CHECKED,UNREVIEWED,Automatically detected formula candidate; requires human mathematical review.
UMCH-EQ-0099,UMCH-SRC-P0161,Il postulato dell'inesistenza di linee d'universo a curvatura geodetica nulla (κ0​>0) costituisce un principio unificatore ad alto potere predittivo. Esso:,,,,NOT_CHECKED,UNREVIEWED,Automatically detected formula candidate; requires human mathematical review.
UMCH-EQ-0100,UMCH-SRC-P0171,"We assume that in a 4D spacetime with metric gμν​ and signature (−,+,+,+), the worldline xμ(τ) of a charged particle of mass m0​ and charge q satisfies the kinematic equations in the 4D Frenet-Serret frame:",,,,NOT_CHECKED,UNREVIEWED,Automatically detected formula candidate; requires human mathematical review.
UMCH-EQ-0101,UMCH-SRC-P0172,"dτDUμ​=Aμ=c2κ(τ)Nμ,with κ(τ)≥κ0​>0",,,,NOT_CHECKED,UNREVIEWED,Automatically detected formula candidate; requires human mathematical review.
UMCH-EQ-0102,UMCH-SRC-P0173,"where Uμ=dτdxμ​ is the four-velocity (UμUμ​=−c2), Nμ is the unit normal four-vector (NμNμ​=1), and κ(τ) denotes the proper geodesic curvature.",,,,NOT_CHECKED,UNREVIEWED,Automatically detected formula candidate; requires human mathematical review.
UMCH-EQ-0103,UMCH-SRC-P0175,"In extended 5D Kaluza-Klein formalism, the 5-dimensional spacetime possesses a metric tensor g^​AB​ (A,B=0,1,2,3,5):",,,,NOT_CHECKED,UNREVIEWED,Automatically detected formula candidate; requires human mathematical review.
UMCH-EQ-0104,UMCH-SRC-P0176,g^​AB​dxAdxB=gμν​dxμdxν+ϕ2(dx5+kAμ​dxμ)2,,,,NOT_CHECKED,UNREVIEWED,Automatically detected formula candidate; requires human mathematical review.
UMCH-EQ-0105,UMCH-SRC-P0177,Setting the dilatonic scalar ϕ=1 and coupling constant k=c416πGϵ0​​​=m0​c22q​.,,,,NOT_CHECKED,UNREVIEWED,Automatically detected formula candidate; requires human mathematical review.
UMCH-EQ-0106,UMCH-SRC-P0179,dτ^2d2xA​+Γ^BCA​dτ^dxB​dτ^dxC​=0,,,,NOT_CHECKED,UNREVIEWED,Automatically detected formula candidate; requires human mathematical review.
UMCH-EQ-0107,UMCH-SRC-P0180,Projecting the first four components (A=μ) onto 4D spacetime yields:,,,,NOT_CHECKED,UNREVIEWED,Automatically detected formula candidate; requires human mathematical review.
UMCH-EQ-0108,UMCH-SRC-P0181,dτDUμ​=m0​q​Fμνuν​,,,,NOT_CHECKED,UNREVIEWED,Automatically detected formula candidate; requires human mathematical review.
UMCH-EQ-0109,UMCH-SRC-P0182,Taking the norm of the four-acceleration under the constraint κ≥κ0​:,,,,NOT_CHECKED,UNREVIEWED,Automatically detected formula candidate; requires human mathematical review.
UMCH-EQ-0110,UMCH-SRC-P0183,κ2=c4gμα​AμAα​=(m0​c2q​)2gμα​FμνFαβUν​Uβ​≥κ02​>0,,,,NOT_CHECKED,UNREVIEWED,Automatically detected formula candidate; requires human mathematical review.
UMCH-EQ-0111,UMCH-SRC-P0184,Result: The electromagnetic field tensor Fμν​ and the Riemann curvature tensor Rαβμν​ are intrinsically coupled: Fμν​ is the required geometric manifestation ensuring that the worldline maintains minimum kinematic curvature κ0​.,,,,NOT_CHECKED,UNREVIEWED,Automatically detected formula candidate; requires human mathematical review.
UMCH-EQ-0112,UMCH-SRC-P0188,m0​Aμ=Fextμ​+τ0​m0​(dτDAμ​−c2Aα​Aα​Uμ),,,,NOT_CHECKED,UNREVIEWED,Automatically detected formula candidate; requires human mathematical review.
UMCH-EQ-0113,UMCH-SRC-P0189,where τ0​=6πϵ0​m0​c3q2​. Expanding the derivative of four-acceleration via 4D Frenet-Serret relations:,,,,NOT_CHECKED,UNREVIEWED,Automatically detected formula candidate; requires human mathematical review.
UMCH-EQ-0114,UMCH-SRC-P0190,dτDAμ​=c2κ˙Nμ+c2κ2Uμ+c2κτ1​Bμ,,,,NOT_CHECKED,UNREVIEWED,Automatically detected formula candidate; requires human mathematical review.
UMCH-EQ-0115,UMCH-SRC-P0191,"where Bμ is the unit binormal four-vector and τ1​ is the geodesic torsion. Substituting into the ALD equation, the term proportional to Uμ (c2κ2Uμ) cancels the Schottky term −c2Aα​Aα​Uμ=−c2κ2Uμ:",,,,NOT_CHECKED,UNREVIEWED,Automatically detected formula candidate; requires human mathematical review.
UMCH-EQ-0116,UMCH-SRC-P0192,Fradμ​=τ0​m0​c2(κ˙Nμ+κτ1​Bμ),,,,NOT_CHECKED,UNREVIEWED,Automatically detected formula candidate; requires human mathematical review.
UMCH-EQ-0117,UMCH-SRC-P0193,"Under constant minimum curvature κ(τ)=κ0​⟹κ˙=0, the equation of motion becomes:",,,,NOT_CHECKED,UNREVIEWED,Automatically detected formula candidate; requires human mathematical review.
UMCH-EQ-0118,UMCH-SRC-P0194,m0​c2κ0​Nμ=Fextμ​+τ0​m0​c2κ0​τ1​Bμ,,,,NOT_CHECKED,UNREVIEWED,Automatically detected formula candidate; requires human mathematical review.
UMCH-EQ-0119,UMCH-SRC-P0195,"Since self-force acts exclusively along the binormal Bμ, components along normal Nμ contain no higher-order time derivatives, analytically eliminating unstable runaway solutions.",,,,NOT_CHECKED,UNREVIEWED,Automatically detected formula candidate; requires human mathematical review.
UMCH-EQ-0120,UMCH-SRC-P0197,"In the presence of background gravitational curvature Rαβμν​=0, electromagnetic radiation propagates on and within the lightcone. The equation of motion generalizes to the DeWitt-Brehme equation:",,,,NOT_CHECKED,UNREVIEWED,Automatically detected formula candidate; requires human mathematical review.
UMCH-EQ-0121,UMCH-SRC-P0198,"m0​Aμ=qFextμν​Uν​+32​c3q2​m0​(dτDAμ​−c2κ02​Uμ)+q2Uν​∫−∞τ​∇[μGα′ν]​(x(τ),x′(τ′))Uα′dτ′",,,,NOT_CHECKED,UNREVIEWED,Automatically detected formula candidate; requires human mathematical review.
UMCH-EQ-0122,UMCH-SRC-P0199,"where Gα′ν​(x,x′) is the retarded Green's tensor in curved spacetime. The tail integral couples the charge q to the Riemann tensor along its entire past worldline.",,,,NOT_CHECKED,UNREVIEWED,Automatically detected formula candidate; requires human mathematical review.
UMCH-EQ-0123,UMCH-SRC-P0203,An​=gn−2i∑​Di​ci​ni​​,,,,NOT_CHECKED,UNREVIEWED,Automatically detected formula candidate; requires human mathematical review.
UMCH-EQ-0124,UMCH-SRC-P0204,"where ci​ are color factors, Di​ are quadratic propagators, and ni​ are kinematic factors depending on polarizations ϵμ​ and four-momenta kμ​.",,,,NOT_CHECKED,UNREVIEWED,Automatically detected formula candidate; requires human mathematical review.
UMCH-EQ-0125,UMCH-SRC-P0206,Mn​=(2κgrav​​)n−2i∑​Di​ni2​​,,,,NOT_CHECKED,UNREVIEWED,Automatically detected formula candidate; requires human mathematical review.
UMCH-EQ-0126,UMCH-SRC-P0207,"Because source motion obeys a lower kinematic bound κ0​, kinematic numerators contain (k⋅A)=c2κ0​(k⋅N)=0. Consequently:",,,,NOT_CHECKED,UNREVIEWED,Automatically detected formula candidate; requires human mathematical review.
UMCH-EQ-0127,UMCH-SRC-P0208,ni​(κ0​)=0⟹Mn​∝[An​]2,,,,NOT_CHECKED,UNREVIEWED,Automatically detected formula candidate; requires human mathematical review.
UMCH-EQ-0128,UMCH-SRC-P0209,"Every photon scattering/emission process of norm κ0​ directly maps to a corresponding graviton process, confirming (Gravity)∼(Gauge)2.",,,,NOT_CHECKED,UNREVIEWED,Automatically detected formula candidate; requires human mathematical review.
UMCH-EQ-0129,UMCH-SRC-P0212,A charge executing helical motion with curvature κ0​ and torsion τ1​ generates Glauber coherent states:,,,,NOT_CHECKED,UNREVIEWED,Automatically detected formula candidate; requires human mathematical review.
UMCH-EQ-0130,UMCH-SRC-P0213,"∣ΨEM​⟩=D^[α]∣0⟩,∣Ψgrav​⟩=D^[β]∣0G​⟩",,,,NOT_CHECKED,UNREVIEWED,Automatically detected formula candidate; requires human mathematical review.
UMCH-EQ-0131,UMCH-SRC-P0215,"α(k,λ)=ℏ2ωk​ϵ0​​iq​ϵμ(λ)∗​∫−∞∞​dτUμ(τ)eik⋅x(τ)",,,,NOT_CHECKED,UNREVIEWED,Automatically detected formula candidate; requires human mathematical review.
UMCH-EQ-0132,UMCH-SRC-P0216,"β(k,σ)=2ℏ2ωk​​i16πG​m0​c​ϵμν(σ)∗​∫−∞∞​dτUμ(τ)Uν(τ)eik⋅x(τ)",,,,NOT_CHECKED,UNREVIEWED,Automatically detected formula candidate; requires human mathematical review.
UMCH-EQ-0133,UMCH-SRC-P0217,"Expanding xμ(τ) in the Frenet-Serret frame yields Airy-type integrals, and emitted quanta carry quantized Orbital Angular Momentum (OAM):",,,,NOT_CHECKED,UNREVIEWED,Automatically detected formula candidate; requires human mathematical review.
UMCH-EQ-0134,UMCH-SRC-P0218,"Lz(EM)​=ℏℓ,Jz(grav)​=(ℓ±2)ℏ,where ℓ≈⌊τ1​R⌋",,,,NOT_CHECKED,UNREVIEWED,Automatically detected formula candidate; requires human mathematical review.
UMCH-EQ-0135,UMCH-SRC-P0220,Graviton emission leads to decoherence of spatial superpositions with rate Γκ0​​:,,,,NOT_CHECKED,UNREVIEWED,Automatically detected formula candidate; requires human mathematical review.
UMCH-EQ-0136,UMCH-SRC-P0221,"Γκ0​​=ℏGm02​c3κ02​​(λeff​∣Δx∣​)2f(κ0​,τ1​)",,,,NOT_CHECKED,UNREVIEWED,Automatically detected formula candidate; requires human mathematical review.
UMCH-EQ-0137,UMCH-SRC-P0222,"Unlike the Diósi-Penrose model, which suffers from UV divergences and requires ad hoc spatial cutoffs R0​, the κ0​ model is inherently regular with a natural cutoff scale κ0−1​ and predicts no unphysical isotropic stochastic heating.",,,,NOT_CHECKED,UNREVIEWED,Automatically detected formula candidate; requires human mathematical review.
UMCH-EQ-0138,UMCH-SRC-P0225,The ratio between emitted electromagnetic power (Larmor) and gravitational power (Einstein-Larmor) for a particle moving at velocity v=βc with acceleration a=c2κ0​ is:,,,,NOT_CHECKED,UNREVIEWED,Automatically detected formula candidate; requires human mathematical review.
UMCH-EQ-0139,UMCH-SRC-P0226,R=Pgrav​PEM​​=52Gm02​c5κ02​β2​6πϵ0​q2cκ02​​​=12πϵ0​Gβ2c45​(m0​q​)2=3β2c25​(FG​FE​​),,,,NOT_CHECKED,UNREVIEWED,Automatically detected formula candidate; requires human mathematical review.
UMCH-EQ-0140,UMCH-SRC-P0227,"The parameter κ02​ cancels completely, proving that R is a structural constant of the coupled system.",,,,NOT_CHECKED,UNREVIEWED,Automatically detected formula candidate; requires human mathematical review.
UMCH-EQ-0141,UMCH-SRC-P0230,"FIDO Limit (β→1): Local stationary observers measure β→1, stabilizing Rhorizon​=12πϵ0​Gc45​(q/m0​)2.",,,,NOT_CHECKED,UNREVIEWED,Automatically detected formula candidate; requires human mathematical review.
UMCH-EQ-0142,UMCH-SRC-P0231,Gertsenshtein Mode Conversion: The radial electric field E(r)=Q/(4πϵ0​r2) induces resonant conversion between spin-1 and spin-2 modes.,,,,NOT_CHECKED,UNREVIEWED,Automatically detected formula candidate; requires human mathematical review.
UMCH-EQ-0143,UMCH-SRC-P0232,"Greybody Factors: Potential barrier transmission Ts​(ω) suppresses s=2 modes more heavily than s=1 modes (Ts=2​<Ts=1​), elevating the asymptotic ratio observed at infinity (R∞​>Rhorizon​).",,,,NOT_CHECKED,UNREVIEWED,Automatically detected formula candidate; requires human mathematical review.
UMCH-EQ-0144,UMCH-SRC-P0234,"The constraint κ0​>0 provides a unified mathematical foundation connecting classical electrodynamics, 5D geometry, radiation reaction regularization, and quantum gravity amplitudes.",,,,NOT_CHECKED,UNREVIEWED,Automatically detected formula candidate; requires human mathematical review.
UMCH-EQ-0145,UMCH-SRC-P0240,g^​AB​=(gμν​+k2Aμ​Aν​kAν​​kAμ​1​),,,,NOT_CHECKED,UNREVIEWED,Automatically detected formula candidate; requires human mathematical review.
UMCH-EQ-0146,UMCH-SRC-P0241,dove k=m0​c22q​. L'azione per una particella libera 5D parametrizzata dal tempo proprio 5D τ^ è:,,,,NOT_CHECKED,UNREVIEWED,Automatically detected formula candidate; requires human mathematical review.
UMCH-EQ-0147,UMCH-SRC-P0242,S=−m0​c∫dτ^−g^​AB​dτ^dxA​dτ^dxB​​,,,,NOT_CHECKED,UNREVIEWED,Automatically detected formula candidate; requires human mathematical review.
UMCH-EQ-0148,UMCH-SRC-P0244,L^=21​g^​AB​dτ^dxA​dτ^dxB​=21​gμν​dτ^dxμ​dτ^dxν​+21​(dτ^dx5​+kAμ​dτ^dxμ​)2,,,,NOT_CHECKED,UNREVIEWED,Automatically detected formula candidate; requires human mathematical review.
UMCH-EQ-0149,UMCH-SRC-P0246,"Poiché la metrica g^​AB​ possiede una simmetria d'isometria rispetto alle traslazioni lungo la quinta coordinata (∂x5∂g^​AB​​=0), il momento coniugato p5​ è una costante del moto:",,,,NOT_CHECKED,UNREVIEWED,Automatically detected formula candidate; requires human mathematical review.
UMCH-EQ-0150,UMCH-SRC-P0247,p5​=∂(dx5/dτ^)∂L^​=g^​5B​dτ^dxB​=dτ^dx5​+kAμ​dτ^dxμ​=costante,,,,NOT_CHECKED,UNREVIEWED,Automatically detected formula candidate; requires human mathematical review.
UMCH-EQ-0151,UMCH-SRC-P0248,"Identificando la carica elettrica q come la componente scalata del momento lungo la quinta dimensione, poniamo p5​=m0​ckq​=2c​.",,,,NOT_CHECKED,UNREVIEWED,Automatically detected formula candidate; requires human mathematical review.
UMCH-EQ-0152,UMCH-SRC-P0250,Applicando le equazioni di Eulero-Lagrange per le componenti spaziotemporali xμ:,,,,NOT_CHECKED,UNREVIEWED,Automatically detected formula candidate; requires human mathematical review.
UMCH-EQ-0153,UMCH-SRC-P0251,dτ^d​(∂(dxμ/dτ^)∂L^​)−∂xμ∂L^​=0,,,,NOT_CHECKED,UNREVIEWED,Automatically detected formula candidate; requires human mathematical review.
UMCH-EQ-0154,UMCH-SRC-P0253,∂(dxμ/dτ^)∂L^​=gμν​dτ^dxν​+kAμ​(dτ^dx5​+kAα​dτ^dxα​)=gμν​dτ^dxν​+kAμ​p5​,,,,NOT_CHECKED,UNREVIEWED,Automatically detected formula candidate; requires human mathematical review.
UMCH-EQ-0155,UMCH-SRC-P0254,∂xμ∂L^​=21​∂μ​gαβ​dτ^dxα​dτ^dxβ​+k(∂μ​Aα​)dτ^dxα​(dτ^dx5​+kAβ​dτ^dxβ​)=21​∂μ​gαβ​dτ^dxα​dτ^dxβ​+kp5​(∂μ​Aα​)dτ^dxα​,,,,NOT_CHECKED,UNREVIEWED,Automatically detected formula candidate; requires human mathematical review.
UMCH-EQ-0156,UMCH-SRC-P0255,Sostituendo nell'equazione del moto e riordinando i termini con la derivata covariante 4D D/dτ:,,,,NOT_CHECKED,UNREVIEWED,Automatically detected formula candidate; requires human mathematical review.
UMCH-EQ-0157,UMCH-SRC-P0256,gμν​dτDUν​+kp5​(dτdAμ​​−(∂μ​Aα​)Uα)=0,,,,NOT_CHECKED,UNREVIEWED,Automatically detected formula candidate; requires human mathematical review.
UMCH-EQ-0158,UMCH-SRC-P0257,Sviluppando dτdAμ​​=(∂α​Aμ​)Uα:,,,,NOT_CHECKED,UNREVIEWED,Automatically detected formula candidate; requires human mathematical review.
UMCH-EQ-0159,UMCH-SRC-P0258,gμν​dτDUν​=kp5​(∂μ​Aα​−∂α​Aμ​)Uα=kp5​Fμα​Uα,,,,NOT_CHECKED,UNREVIEWED,Automatically detected formula candidate; requires human mathematical review.
UMCH-EQ-0160,UMCH-SRC-P0259,"Sostituendo k=m0​c22q​ e p5​=2c​, il coefficiente diventa kp5​=m0​cq​, ottenendo l'equazione della forza di Lorentz:",,,,NOT_CHECKED,UNREVIEWED,Automatically detected formula candidate; requires human mathematical review.
UMCH-EQ-0161,UMCH-SRC-P0260,dτDUμ​=m0​q​Fμα​Uα,,,,NOT_CHECKED,UNREVIEWED,Automatically detected formula candidate; requires human mathematical review.
UMCH-EQ-0162,UMCH-SRC-P0262,Calcolando il prodotto scalare della quadri-accelerazione Aμ=dτDUμ​:,,,,NOT_CHECKED,UNREVIEWED,Automatically detected formula candidate; requires human mathematical review.
UMCH-EQ-0163,UMCH-SRC-P0263,AμAμ​=gμν​AμAν=(m0​q​)2gμν​Fμα​UαFνβ​Uβ,,,,NOT_CHECKED,UNREVIEWED,Automatically detected formula candidate; requires human mathematical review.
UMCH-EQ-0164,UMCH-SRC-P0264,"Poiché AμAμ​=c4κ2(τ), imponendo l'assioma di curvatura minima cinematica κ(τ)≥κ0​:",,,,NOT_CHECKED,UNREVIEWED,Automatically detected formula candidate; requires human mathematical review.
UMCH-EQ-0165,UMCH-SRC-P0265,c4κ2(τ)=(m0​q​)2Fμα​Fμβ​UαUβ≥c4κ02​>0■,,,,NOT_CHECKED,UNREVIEWED,Automatically detected formula candidate; requires human mathematical review.
UMCH-EQ-0166,UMCH-SRC-P0268,"Sia xμ(τ) una linea d'universo di tipo tempo. Definiamo la tetrade ortonormale di Frenet-Serret {e0μ​,e1μ​,e2μ​,e3μ​}≡{Uμ/c,Nμ,Bμ,Cμ} con relazioni di ortonormalità:",,,,NOT_CHECKED,UNREVIEWED,Automatically detected formula candidate; requires human mathematical review.
UMCH-EQ-0167,UMCH-SRC-P0269,"UμUμ​=−c2,NμNμ​=1,BμBμ​=1,CμCμ​=1",,,,NOT_CHECKED,UNREVIEWED,Automatically detected formula candidate; requires human mathematical review.
UMCH-EQ-0168,UMCH-SRC-P0270,UμNμ​=UμBμ​=UμCμ​=NμBμ​=NμCμ​=BμCμ​=0,,,,NOT_CHECKED,UNREVIEWED,Automatically detected formula candidate; requires human mathematical review.
UMCH-EQ-0169,UMCH-SRC-P0272,dτDUμ​=c2κNμ,,,,NOT_CHECKED,UNREVIEWED,Automatically detected formula candidate; requires human mathematical review.
UMCH-EQ-0170,UMCH-SRC-P0273,dτDNμ​=κUμ+cτ1​Bμ,,,,NOT_CHECKED,UNREVIEWED,Automatically detected formula candidate; requires human mathematical review.
UMCH-EQ-0171,UMCH-SRC-P0274,dτDBμ​=−cτ1​Nμ+cτ2​Cμ,,,,NOT_CHECKED,UNREVIEWED,Automatically detected formula candidate; requires human mathematical review.
UMCH-EQ-0172,UMCH-SRC-P0275,dτDCμ​=−cτ2​Bμ,,,,NOT_CHECKED,UNREVIEWED,Automatically detected formula candidate; requires human mathematical review.
UMCH-EQ-0173,UMCH-SRC-P0276,"dove κ(τ) è la curvatura geodetica, τ1​(τ) è la prima torsione e τ2​(τ) la seconda torsione.",,,,NOT_CHECKED,UNREVIEWED,Automatically detected formula candidate; requires human mathematical review.
UMCH-EQ-0174,UMCH-SRC-P0278,Sostituiamo la quadri-accelerazione Aμ=c2κNμ nella sua derivata rispetto al tempo proprio:,,,,NOT_CHECKED,UNREVIEWED,Automatically detected formula candidate; requires human mathematical review.
UMCH-EQ-0175,UMCH-SRC-P0279,dτDAμ​=dτD​(c2κNμ)=c2κ˙Nμ+c2κdτDNμ​,,,,NOT_CHECKED,UNREVIEWED,Automatically detected formula candidate; requires human mathematical review.
UMCH-EQ-0176,UMCH-SRC-P0280,Sostituendo l'equazione di Frenet-Serret per dτDNμ​:,,,,NOT_CHECKED,UNREVIEWED,Automatically detected formula candidate; requires human mathematical review.
UMCH-EQ-0177,UMCH-SRC-P0281,dτDAμ​=c2κ˙Nμ+c2κ(κUμ+cτ1​Bμ)=c2κ˙Nμ+c2κ2Uμ+c3κτ1​Bμ,,,,NOT_CHECKED,UNREVIEWED,Automatically detected formula candidate; requires human mathematical review.
UMCH-EQ-0178,UMCH-SRC-P0284,Fradμ​=τ0​m0​(dτDAμ​−c2Aα​Aα​Uμ),,,,NOT_CHECKED,UNREVIEWED,Automatically detected formula candidate; requires human mathematical review.
UMCH-EQ-0179,UMCH-SRC-P0286,Aα​Aα=(c2κNα​)(c2κNα)=c4κ2(Nα​Nα)=c4κ2,,,,NOT_CHECKED,UNREVIEWED,Automatically detected formula candidate; requires human mathematical review.
UMCH-EQ-0180,UMCH-SRC-P0288,c2Aα​Aα​Uμ=c2c4κ2​Uμ=c2κ2Uμ,,,,NOT_CHECKED,UNREVIEWED,Automatically detected formula candidate; requires human mathematical review.
UMCH-EQ-0181,UMCH-SRC-P0289,Inserendo sia dτDAμ​ che il termine di Schottky nell'espressione dell'auto-forza:,,,,NOT_CHECKED,UNREVIEWED,Automatically detected formula candidate; requires human mathematical review.
UMCH-EQ-0182,UMCH-SRC-P0290,Fradμ​=τ0​m0​([c2κ˙Nμ+c2κ2Uμ+c3κτ1​Bμ]−c2κ2Uμ),,,,NOT_CHECKED,UNREVIEWED,Automatically detected formula candidate; requires human mathematical review.
UMCH-EQ-0183,UMCH-SRC-P0291,I termini proporzionali a Uμ si annullano identicamente:,,,,NOT_CHECKED,UNREVIEWED,Automatically detected formula candidate; requires human mathematical review.
UMCH-EQ-0184,UMCH-SRC-P0292,Fradμ​=τ0​m0​c2(κ˙Nμ+cκτ1​Bμ),,,,NOT_CHECKED,UNREVIEWED,Automatically detected formula candidate; requires human mathematical review.
UMCH-EQ-0185,UMCH-SRC-P0295,m0​c2κNμ=Fextμ​+τ0​m0​c2κ˙Nμ+τ0​m0​c3κτ1​Bμ,,,,NOT_CHECKED,UNREVIEWED,Automatically detected formula candidate; requires human mathematical review.
UMCH-EQ-0186,UMCH-SRC-P0296,"Imponendo il vincolo di curvatura minima costante κ(τ)=κ0​>0, la derivata temporale della curvatura si annulla identicamente (κ˙=0). L'equazione si riduce a:",,,,NOT_CHECKED,UNREVIEWED,Automatically detected formula candidate; requires human mathematical review.
UMCH-EQ-0187,UMCH-SRC-P0297,m0​c2κ0​Nμ=Fextμ​+τ0​m0​c3κ0​τ1​Bμ,,,,NOT_CHECKED,UNREVIEWED,Automatically detected formula candidate; requires human mathematical review.
UMCH-EQ-0188,UMCH-SRC-P0299,"Lungo Nμ: m0​c2κ0​=Fext​⋅N. Questa è un'equazione algebrica/differenziale di secondo ordine ordinaria, priva di derivate terze del campo delle posizioni x...​μ.",,,,NOT_CHECKED,UNREVIEWED,Automatically detected formula candidate; requires human mathematical review.
UMCH-EQ-0189,UMCH-SRC-P0300,Lungo Bμ: 0=Fext​⋅B+τ0​m0​c3κ0​τ1​. L'auto-forza agisce come un vincolo geometrico che determina la torsione geodetica τ1​.,,,,NOT_CHECKED,UNREVIEWED,Automatically detected formula candidate; requires human mathematical review.
UMCH-EQ-0190,UMCH-SRC-P0301,"Poiché la derivata dτDAμ​ lungo la normale è soppressa da κ˙=0, l'equazione caratteristica m0​a=τ0​m0​a˙ che genera le soluzioni esponenziali umane unphysical a(τ)=a(0)eτ/τ0​ non si forma. I moti runaway sono rigorosamente eliminati. ■",,,,NOT_CHECKED,UNREVIEWED,Automatically detected formula candidate; requires human mathematical review.
UMCH-EQ-0191,UMCH-SRC-P0304,"In uno spaziotempo curvo descritto dal tensore di Riemann Rαβμν​, il tensore potenziale elettromagnetico Aμ​(x) in gauge di Lorenz (∇μAμ​=0) soddisfa l'equazione d'onda di Ricci-Lichnerowicz:",,,,NOT_CHECKED,UNREVIEWED,Automatically detected formula candidate; requires human mathematical review.
UMCH-EQ-0192,UMCH-SRC-P0305,□Aμ​−Rμ​νAν​=−μ0​jμ​,,,,NOT_CHECKED,UNREVIEWED,Automatically detected formula candidate; requires human mathematical review.
UMCH-EQ-0193,UMCH-SRC-P0306,"La funzione di Green ritardata Gμα′​(x,x′) soddisfa l'equazione differenziale:",,,,NOT_CHECKED,UNREVIEWED,Automatically detected formula candidate; requires human mathematical review.
UMCH-EQ-0194,UMCH-SRC-P0307,"(δμν​□−Rμ​ν)Gνα′​(x,x′)=−gμα′​(x)−g​δ4(x−x′)​",,,,NOT_CHECKED,UNREVIEWED,Automatically detected formula candidate; requires human mathematical review.
UMCH-EQ-0195,UMCH-SRC-P0308,"Secondo la teoria di Hadamard, Gμα′​(x,x′) si scompone in un contributo diretto sul cono di luce e un contributo interno (tail):",,,,NOT_CHECKED,UNREVIEWED,Automatically detected formula candidate; requires human mathematical review.
UMCH-EQ-0196,UMCH-SRC-P0309,"Gμα′​(x,x′)=uμα′​(x,x′)δ(Ω)+vμα′​(x,x′)Θ(−Ω)",,,,NOT_CHECKED,UNREVIEWED,Automatically detected formula candidate; requires human mathematical review.
UMCH-EQ-0197,UMCH-SRC-P0313,"Aμ​(x)=q∫−∞τret​​Gμα′​(x,x′(τ′))Uα′(τ′)dτ′",,,,NOT_CHECKED,UNREVIEWED,Automatically detected formula candidate; requires human mathematical review.
UMCH-EQ-0198,UMCH-SRC-P0314,"Calcolando il tensore di campo elettromagnetico Fμν​=∇μ​Aν​−∇ν​Aμ​ e valutandolo sulla linea d'universo della particella x(τ), l'auto-forza risultante si separa in tre contributi distinti:",,,,NOT_CHECKED,UNREVIEWED,Automatically detected formula candidate; requires human mathematical review.
UMCH-EQ-0199,UMCH-SRC-P0315,Fselfμ​=Frinormalizzataμ​+FALDμ​+Fcodaμ​,,,,NOT_CHECKED,UNREVIEWED,Automatically detected formula candidate; requires human mathematical review.
UMCH-EQ-0200,UMCH-SRC-P0316,dove il termine di coda Fcodaμ​ prende la forma integrale esplicita:,,,,NOT_CHECKED,UNREVIEWED,Automatically detected formula candidate; requires human mathematical review.
UMCH-EQ-0201,UMCH-SRC-P0317,"Fcodaμ​(τ)=q2Uν​(τ)∫−∞τ−ϵ​∇[μGα′ν]​(x(τ),x′(τ′))Uα′(τ′)dτ′",,,,NOT_CHECKED,UNREVIEWED,Automatically detected formula candidate; requires human mathematical review.
UMCH-EQ-0202,UMCH-SRC-P0319,Sostituendo il risultato dell'Appendice B per la componente locale FALDμ​ con κ(τ)=κ0​:,,,,NOT_CHECKED,UNREVIEWED,Automatically detected formula candidate; requires human mathematical review.
UMCH-EQ-0203,UMCH-SRC-P0320,"m0​Aμ(τ)=qFestμν​Uν​+32​c3q2​m0​(c3κ0​τ1​(τ)Bμ(τ))+q2Uν​(τ)∫−∞τ​∇[μGα′ν]​(x(τ),x′(τ′))Uα′(τ′)dτ′■",,,,NOT_CHECKED,UNREVIEWED,Automatically detected formula candidate; requires human mathematical review.
UMCH-EQ-0204,UMCH-SRC-P0324,Angauge​=gn−2i∈diagrammi∑​Di​ci​ni​​,,,,NOT_CHECKED,UNREVIEWED,Automatically detected formula candidate; requires human mathematical review.
UMCH-EQ-0205,UMCH-SRC-P0326,cs​+ct​+cu​=0,,,,NOT_CHECKED,UNREVIEWED,Automatically detected formula candidate; requires human mathematical review.
UMCH-EQ-0206,UMCH-SRC-P0328,ns​+nt​+nu​=0,,,,NOT_CHECKED,UNREVIEWED,Automatically detected formula candidate; requires human mathematical review.
UMCH-EQ-0207,UMCH-SRC-P0330,"Sostituendo nella formula dell'ampiezza di gauge ciascun fattore di colore ci​ con il corrispondente numeratore cinematico ni​ (ci​→ni​), e sostituendo la costante di accoppiamento di gauge g→2κgrav​​=8πG​:",,,,NOT_CHECKED,UNREVIEWED,Automatically detected formula candidate; requires human mathematical review.
UMCH-EQ-0208,UMCH-SRC-P0331,Mngrav​=(2κgrav​​)n−2i∑​Di​ni​ni​​=(2κgrav​​)n−2i∑​Di​ni2​​,,,,NOT_CHECKED,UNREVIEWED,Automatically detected formula candidate; requires human mathematical review.
UMCH-EQ-0209,UMCH-SRC-P0333,I numeratori cinematici ni​ per la sorgente carica dipendono dalle contrazioni dei vettori di polarizzazione ϵμ​ con il quadri-momento emesso kμ​ e la quadri-accelerazione della sorgente Aμ=c2κ0​Nμ.,,,,NOT_CHECKED,UNREVIEWED,Automatically detected formula candidate; requires human mathematical review.
UMCH-EQ-0210,UMCH-SRC-P0334,Per un vertice d'emissione singolo di un quanto da una linea d'universo a curvatura κ0​:,,,,NOT_CHECKED,UNREVIEWED,Automatically detected formula candidate; requires human mathematical review.
UMCH-EQ-0211,UMCH-SRC-P0335,ni​∝ϵμ​Aμ=c2κ0​(ϵμ​Nμ),,,,NOT_CHECKED,UNREVIEWED,Automatically detected formula candidate; requires human mathematical review.
UMCH-EQ-0212,UMCH-SRC-P0336,"Poiché κ0​>0, il numeratore cinematico ni​ è garantito essere strettamente non nullo per tutte le polarizzazioni fisiche non trasversali alla normale Nμ.",,,,NOT_CHECKED,UNREVIEWED,Automatically detected formula candidate; requires human mathematical review.
UMCH-EQ-0213,UMCH-SRC-P0338,Angauge​Mngrav​​=gn−2∑i​Di​ci​ni​​(2κgrav​​)n−2∑i​Di​ni2​​​,,,,NOT_CHECKED,UNREVIEWED,Automatically detected formula candidate; requires human mathematical review.
UMCH-EQ-0214,UMCH-SRC-P0339,"In un regime in cui la cinematica è dominata dalla curvatura minima κ0​, fattorizzando ni​:",,,,NOT_CHECKED,UNREVIEWED,Automatically detected formula candidate; requires human mathematical review.
UMCH-EQ-0215,UMCH-SRC-P0340,Mngrav​=Ckin​⋅[Angauge​]2■,,,,NOT_CHECKED,UNREVIEWED,Automatically detected formula candidate; requires human mathematical review.
UMCH-EQ-0216,UMCH-SRC-P0343,Consideriamo un'emissione centrata all'istante τ=0. Sviluppiamo la posizione xμ(τ) attorno a x0μ​=xμ(0) mediante la serie di Taylor usando le relazioni di Frenet-Serret:,,,,NOT_CHECKED,UNREVIEWED,Automatically detected formula candidate; requires human mathematical review.
UMCH-EQ-0217,UMCH-SRC-P0344,xμ(τ)=x0μ​+dτdxμ​​0​τ+21​dτDUμ​​0​τ2+61​dτ2D2Uμ​​0​τ3+O(τ4),,,,NOT_CHECKED,UNREVIEWED,Automatically detected formula candidate; requires human mathematical review.
UMCH-EQ-0218,UMCH-SRC-P0346,dτdxμ​=U0μ​,,,,NOT_CHECKED,UNREVIEWED,Automatically detected formula candidate; requires human mathematical review.
UMCH-EQ-0219,UMCH-SRC-P0347,dτDUμ​=c2κ0​N0μ​,,,,NOT_CHECKED,UNREVIEWED,Automatically detected formula candidate; requires human mathematical review.
UMCH-EQ-0220,UMCH-SRC-P0348,dτ2D2Uμ​=dτD​(c2κ0​Nμ)=c2κ0​(κ0​U0μ​+cτ1​B0μ​)=c2κ02​U0μ​+c3κ0​τ1​B0μ​,,,,NOT_CHECKED,UNREVIEWED,Automatically detected formula candidate; requires human mathematical review.
UMCH-EQ-0221,UMCH-SRC-P0350,xμ(τ)=x0μ​+U0μ​(τ+61​c2κ02​τ3)+21​c2κ0​N0μ​τ2+61​c3κ0​τ1​B0μ​τ3,,,,NOT_CHECKED,UNREVIEWED,Automatically detected formula candidate; requires human mathematical review.
UMCH-EQ-0222,UMCH-SRC-P0352,"L'ampiezza dello stato coerente per un fotone con quadri-impulso kμ=(ωk​/c,k) è:",,,,NOT_CHECKED,UNREVIEWED,Automatically detected formula candidate; requires human mathematical review.
UMCH-EQ-0223,UMCH-SRC-P0353,"α(k,λ)=ℏ2ωk​ϵ0​​iq​ϵμ(λ)∗​∫−∞∞​dτUμ(τ)eik⋅x(τ)",,,,NOT_CHECKED,UNREVIEWED,Automatically detected formula candidate; requires human mathematical review.
UMCH-EQ-0224,UMCH-SRC-P0354,Sviluppiamo il prodotto scalare k⋅x(τ) nella fase:,,,,NOT_CHECKED,UNREVIEWED,Automatically detected formula candidate; requires human mathematical review.
UMCH-EQ-0225,UMCH-SRC-P0355,k⋅x(τ)=k⋅x0​+(k⋅U0​)τ+21​c2κ0​(k⋅N0​)τ2+61​c3κ0​τ1​(k⋅B0​)τ3,,,,NOT_CHECKED,UNREVIEWED,Automatically detected formula candidate; requires human mathematical review.
UMCH-EQ-0226,UMCH-SRC-P0356,"Effettuando il cambio di variabile per eliminare il termine quadratico τ2 definendo s=τ+cτ1​(B0​⋅k)N0​⋅k​, la fase assume la forma canonica i(ξs+ηs3). L'integrale si riconduce alla forma standard della funzione di Airy:",,,,NOT_CHECKED,UNREVIEWED,Automatically detected formula candidate; requires human mathematical review.
UMCH-EQ-0227,UMCH-SRC-P0357,∫−∞∞​dsei(ξs+ηs3)=(3η)1/32π​Ai((3η)1/3ξ​),,,,NOT_CHECKED,UNREVIEWED,Automatically detected formula candidate; requires human mathematical review.
UMCH-EQ-0228,UMCH-SRC-P0359,η=61​c3κ0​τ1​(k⋅B0​),,,,NOT_CHECKED,UNREVIEWED,Automatically detected formula candidate; requires human mathematical review.
UMCH-EQ-0229,UMCH-SRC-P0360,ξ=(k⋅U0​)−2τ1​(k⋅B0​)cκ0​(k⋅N0​)2​,,,,NOT_CHECKED,UNREVIEWED,Automatically detected formula candidate; requires human mathematical review.
UMCH-EQ-0230,UMCH-SRC-P0362,"Proiettando lo stato su una base di armoniche sferiche Yℓm​(θ,ϕ) lungo l'asse z allineato con la torsione B0μ​, l'integrazione angolare sulla fase dell'integrale di Airy genera un fattore topologico eiℓϕk​.",,,,NOT_CHECKED,UNREVIEWED,Automatically detected formula candidate; requires human mathematical review.
UMCH-EQ-0231,UMCH-SRC-P0363,"L'operatore momento angolare orbitale lungo l'asse di propagazione Lz​=−iℏ∂ϕ∂​ agisce sull'ampiezza α(k,λ):",,,,NOT_CHECKED,UNREVIEWED,Automatically detected formula candidate; requires human mathematical review.
UMCH-EQ-0232,UMCH-SRC-P0364,"Lz​α(k,λ)=ℏℓα(k,λ)",,,,NOT_CHECKED,UNREVIEWED,Automatically detected formula candidate; requires human mathematical review.
UMCH-EQ-0233,UMCH-SRC-P0366,ℓ=⌊τ1​R⌋=⌊κ0​τ1​​⌋■,,,,NOT_CHECKED,UNREVIEWED,Automatically detected formula candidate; requires human mathematical review.
UMCH-EQ-0234,UMCH-SRC-P0370,PEM​=−6πϵ0​c3q2​(dτDUμ​dτDUμ​​),,,,NOT_CHECKED,UNREVIEWED,Automatically detected formula candidate; requires human mathematical review.
UMCH-EQ-0235,UMCH-SRC-P0371,Sostituendo la norma della quadri-accelerazione dτDUμ​dτDUμ​​=c4κ02​:,,,,NOT_CHECKED,UNREVIEWED,Automatically detected formula candidate; requires human mathematical review.
UMCH-EQ-0236,UMCH-SRC-P0372,PEM​=6πϵ0​q2cκ02​​,,,,NOT_CHECKED,UNREVIEWED,Automatically detected formula candidate; requires human mathematical review.
UMCH-EQ-0237,UMCH-SRC-P0375,Pgrav​=5c5G​⟨Q...​​ij​Q...​​ij⟩,,,,NOT_CHECKED,UNREVIEWED,Automatically detected formula candidate; requires human mathematical review.
UMCH-EQ-0238,UMCH-SRC-P0376,"Per una particella di massa m0​ mossa da una quadri-accelerazione di norma c2κ0​ a velocità v=βc, il momento quadrupolare traceless è Qij​=m0​(xi​xj​−31​r2δij​).",,,,NOT_CHECKED,UNREVIEWED,Automatically detected formula candidate; requires human mathematical review.
UMCH-EQ-0239,UMCH-SRC-P0377,La terza derivata temporale del quadrupolo si lega direttamente alla derivata dell'accelerazione e quindi a κ0​:,,,,NOT_CHECKED,UNREVIEWED,Automatically detected formula candidate; requires human mathematical review.
UMCH-EQ-0240,UMCH-SRC-P0378,Q...​​ij​Q...​​ij=2m02​c10κ02​β2,,,,NOT_CHECKED,UNREVIEWED,Automatically detected formula candidate; requires human mathematical review.
UMCH-EQ-0241,UMCH-SRC-P0380,Pgrav​=5c5G​(2m02​c10κ02​β2)=52Gm02​c5κ02​β2​,,,,NOT_CHECKED,UNREVIEWED,Automatically detected formula candidate; requires human mathematical review.
UMCH-EQ-0242,UMCH-SRC-P0383,R=Pgrav​PEM​​=52Gm02​c5κ02​β2​6πϵ0​q2cκ02​​​,,,,NOT_CHECKED,UNREVIEWED,Automatically detected formula candidate; requires human mathematical review.
UMCH-EQ-0243,UMCH-SRC-P0384,Semplificando la curvatura minima κ02​ da entrambi i termini (numeratore e denominatore):,,,,NOT_CHECKED,UNREVIEWED,Automatically detected formula candidate; requires human mathematical review.
UMCH-EQ-0244,UMCH-SRC-P0385,R=6πϵ0​q2c​⋅2Gm02​c5β25​=12πϵ0​Gβ2c45​(m0​q​)2,,,,NOT_CHECKED,UNREVIEWED,Automatically detected formula candidate; requires human mathematical review.
UMCH-EQ-0245,UMCH-SRC-P0386,Riscriviamo il rapporto espresso in funzione delle forze statiche fondamentali di Coulomb FE​=4πϵ0​r2q2​ e di Newton FG​=r2Gm02​​:,,,,NOT_CHECKED,UNREVIEWED,Automatically detected formula candidate; requires human mathematical review.
UMCH-EQ-0246,UMCH-SRC-P0387,FG​FE​​=4πϵ0​Gm02​q2​,,,,NOT_CHECKED,UNREVIEWED,Automatically detected formula candidate; requires human mathematical review.
UMCH-EQ-0247,UMCH-SRC-P0388,Sostituiamo (m0​q​)2=4πϵ0​G(FG​FE​​) nella formula di R:,,,,NOT_CHECKED,UNREVIEWED,Automatically detected formula candidate; requires human mathematical review.
UMCH-EQ-0248,UMCH-SRC-P0389,R=12πϵ0​Gβ2c45​(4πϵ0​GFG​FE​​)=3β2c45​(FG​FE​​)■,,,,NOT_CHECKED,UNREVIEWED,Automatically detected formula candidate; requires human mathematical review.
UMCH-EQ-0249,UMCH-SRC-P0393,L'applicazione del rapporto d'emissione strutturale R=Pgrav​PEM​​ a oggetti compatti — quali pulsar millisecondo e magnetar — richiede la caratterizzazione del parametro di curvatura cinematica κ0​ lungo le linee di campo magnetico della stella di neutroni.,,,,NOT_CHECKED,UNREVIEWED,Automatically detected formula candidate; requires human mathematical review.
UMCH-EQ-0250,UMCH-SRC-P0394,"Per un oggetto compatto di massa M≈1.4M⊙​ e raggio RN​≈12 km, con un campo magnetico dipolare di superficie B0​, la carica reattiva indotta nel magnetosfera e le particelle cariche caricate lungo il cap polare subiscono un'accelerazione sincretronica e di curvatura caratterizzata da:",,,,NOT_CHECKED,UNREVIEWED,Automatically detected formula candidate; requires human mathematical review.
UMCH-EQ-0251,UMCH-SRC-P0395,κ0​≈ρcurv​1​=4r3sinθ​1+cos2θ​,,,,NOT_CHECKED,UNREVIEWED,Automatically detected formula candidate; requires human mathematical review.
UMCH-EQ-0252,UMCH-SRC-P0398,"Per particelle relativistiche ultra-veloci (γ≫1, β→1) accelerate lungo la curvatura delle linee di campo nell'atmosfera della magnetar o al light cylinder rLC​=Ωc​:",,,,NOT_CHECKED,UNREVIEWED,Automatically detected formula candidate; requires human mathematical review.
UMCH-EQ-0253,UMCH-SRC-P0399,R=12πϵ0​Gc45​(m0​q​)2,,,,NOT_CHECKED,UNREVIEWED,Automatically detected formula candidate; requires human mathematical review.
UMCH-EQ-0254,UMCH-SRC-P0400,"Per una plasma di elettroni/positroni (q=e, m0​=me​), il valore teorico fondante di R risulta:",,,,NOT_CHECKED,UNREVIEWED,Automatically detected formula candidate; requires human mathematical review.
UMCH-EQ-0255,UMCH-SRC-P0401,R(e±)​=12πϵ0​Gc45​(me​e​)2≈4.17×1042,,,,NOT_CHECKED,UNREVIEWED,Automatically detected formula candidate; requires human mathematical review.
UMCH-EQ-0256,UMCH-SRC-P0407,ϵ≈I0​ΔI​∼GM2RN4​Bint2​​≈10−6(1015 GBint​​)2,,,,NOT_CHECKED,UNREVIEWED,Automatically detected formula candidate; requires human mathematical review.
UMCH-EQ-0257,UMCH-SRC-P0408,"In questo regime, la potenza elettromagnetica di dipolo magnetico frenante (Pdip​) e la potenza gravitazionale quadrupolare (PGW​) della stella rotante con frequenza angolare Ω=2πf sono espressi da:",,,,NOT_CHECKED,UNREVIEWED,Automatically detected formula candidate; requires human mathematical review.
UMCH-EQ-0258,UMCH-SRC-P0409,"PEM, dip​=3μ0​c32​B02​RN6​Ω4sin2α",,,,NOT_CHECKED,UNREVIEWED,Automatically detected formula candidate; requires human mathematical review.
UMCH-EQ-0259,UMCH-SRC-P0410,PGW​=5c532G​I02​ϵ2Ω6,,,,NOT_CHECKED,UNREVIEWED,Automatically detected formula candidate; requires human mathematical review.
UMCH-EQ-0260,UMCH-SRC-P0412,"Rmac​=PGW​PEM, dip​​=48πϵ0​GI02​ϵ2Ω25c2B02​RN6​sin2α​",,,,NOT_CHECKED,UNREVIEWED,Automatically detected formula candidate; requires human mathematical review.
UMCH-EQ-0261,UMCH-SRC-P0414,Rmac​∝Ω21​(Bint​B0​​)2(RN2​GM2​)2,,,,NOT_CHECKED,UNREVIEWED,Automatically detected formula candidate; requires human mathematical review.
UMCH-EQ-0262,UMCH-SRC-P0419,"Poiché il tasso di perdita di energia rotazionale è E˙=−I0​ΩΩ˙=PEM​+PGW​, la frazione di energia persa in onde gravitazionali è:",,,,NOT_CHECKED,UNREVIEWED,Automatically detected formula candidate; requires human mathematical review.
UMCH-EQ-0263,UMCH-SRC-P0420,ηGW​=Ptot​PGW​​=1+Rmac​1​,,,,NOT_CHECKED,UNREVIEWED,Automatically detected formula candidate; requires human mathematical review.
UMCH-EQ-0264,UMCH-SRC-P0421,"Per le magnetar durante i Giant Flares (es. SGR 1806-20), il riassetto strutturale della crosta e la ricombinazione delle linee di campo generano oscillazioni di torsione non-assialsimmetriche (modi f e r-modes). In questa fase transitoria, κ0​ raggiunge valori critici nel plasma circostante, riducendo localmente Rmac​ a valori prossimi all'unità, rendendo i segnali gravitazionali impulsivi potenzialmente misurabili da interferometri quali LIGO, Virgo e KAGRA.",,,,NOT_CHECKED,UNREVIEWED,Automatically detected formula candidate; requires human mathematical review.
UMCH-EQ-0265,UMCH-SRC-P0423,"L'applicazione dell'equazione ALD regolarizzata (Appendice B) alle particelle della magnetosfera evita divergenze numeriche nella simulazione del plasma relativistico (Particle-In-Cell, PIC). L'auto-forza di radiazione proiettata lungo la direzione binormale Bμ agisce come un termine di smorzamento naturale che impedisce l'instabilità numerica delle particelle nei punti di inversione magnetica (layer di corrente).",,,,NOT_CHECKED,UNREVIEWED,Automatically detected formula candidate; requires human mathematical review.
UMCH-EQ-0266,UMCH-SRC-P0425,"Nelle immediate vicinanze della superficie della magnetar, dove il campo magnetico radiale supera il limite quantistico critico BQED​=eℏme2​c3​≈4.41×1013 G, le fotoni gamma prodotti da processi a curvatura κ0​ subiscono una conversione risonante in gravitoni attraverso il tensore d'interazione d'accoppiamento dell'effetto Gertsenshtein:",,,,NOT_CHECKED,UNREVIEWED,Automatically detected formula candidate; requires human mathematical review.
UMCH-EQ-0267,UMCH-SRC-P0426,Pγ→g​≈sin2(21​B0​πϵ0​c4G​​Lint​),,,,NOT_CHECKED,UNREVIEWED,Automatically detected formula candidate; requires human mathematical review.
UMCH-EQ-0268,UMCH-SRC-P0428,User prompt: Calcola numericamente la probabilita di conversione Gertsenshtein per la magnetar SGR 1806-20 assumendo un campo B_0 = 10^15 Gauss e una lunghezza d'interazione pari al raggio della stella.,,,,NOT_CHECKED,UNREVIEWED,Automatically detected formula candidate; requires human mathematical review.
UMCH-EQ-0269,UMCH-SRC-P0431,Campo magnetico: B0​=1015 G=1011 T,,,,NOT_CHECKED,UNREVIEWED,Automatically detected formula candidate; requires human mathematical review.
UMCH-EQ-0270,UMCH-SRC-P0432,Lunghezza d'interazione (Raggio della magnetar): Lint​=RN​=10 km=104 m (valore standard di riferimento; per 12 km=1.2×104 m),,,,NOT_CHECKED,UNREVIEWED,Automatically detected formula candidate; requires human mathematical review.
UMCH-EQ-0271,UMCH-SRC-P0433,Costante di gravitazione universale: G≈6.6743×10−11 m3 kg−1 s−2,,,,NOT_CHECKED,UNREVIEWED,Automatically detected formula candidate; requires human mathematical review.
UMCH-EQ-0272,UMCH-SRC-P0434,Permettività del vuoto: ϵ0​≈8.8542×10−12 F m−1,,,,NOT_CHECKED,UNREVIEWED,Automatically detected formula candidate; requires human mathematical review.
UMCH-EQ-0273,UMCH-SRC-P0435,Velocità della luce: c≈2.9979×108 m s−1,,,,NOT_CHECKED,UNREVIEWED,Automatically detected formula candidate; requires human mathematical review.
UMCH-EQ-0274,UMCH-SRC-P0438,"Pγ→g​=sin2(θ),con θ=21​B0​πϵ0​c4G​​Lint​",,,,NOT_CHECKED,UNREVIEWED,Automatically detected formula candidate; requires human mathematical review.
UMCH-EQ-0275,UMCH-SRC-P0440,πϵ0​c4G​=π×(8.8542×10−12)×(2.9979×108)46.6743×10−11​≈2.974×10−34 T−2 m−2,,,,NOT_CHECKED,UNREVIEWED,Automatically detected formula candidate; requires human mathematical review.
UMCH-EQ-0276,UMCH-SRC-P0442,πϵ0​c4G​​≈1.724×10−17 T−1 m−1,,,,NOT_CHECKED,UNREVIEWED,Automatically detected formula candidate; requires human mathematical review.
UMCH-EQ-0277,UMCH-SRC-P0445,θ=21​×(1011 T)×(1.724×10−17 T−1 m−1)×(104 m)=8.62×10−3 rad,,,,NOT_CHECKED,UNREVIEWED,Automatically detected formula candidate; requires human mathematical review.
UMCH-EQ-0278,UMCH-SRC-P0446,"Poiché θ≪1, possiamo applicare l'approssimazione per piccoli angoli sin(θ)≈θ:",,,,NOT_CHECKED,UNREVIEWED,Automatically detected formula candidate; requires human mathematical review.
UMCH-EQ-0279,UMCH-SRC-P0447,Pγ→g​≈θ2=(8.62×10−3)2≈7.43×10−5,,,,NOT_CHECKED,UNREVIEWED,Automatically detected formula candidate; requires human mathematical review.
UMCH-EQ-0280,UMCH-SRC-P0448,"Se si assume un raggio stellare leggermente maggiore, RN​=12 km:",,,,NOT_CHECKED,UNREVIEWED,Automatically detected formula candidate; requires human mathematical review.
UMCH-EQ-0281,UMCH-SRC-P0449,θ=1.035×10−2 rad⟹Pγ→g​≈1.07×10−4,,,,NOT_CHECKED,UNREVIEWED,Automatically detected formula candidate; requires human mathematical review.
UMCH-EQ-0282,UMCH-SRC-P0451,"Nel contesto reale di SGR 1806-20, poiché B0​=1015 G≫BQED​≈4.41×1013 G, l'effetto Euler-Heisenberg introduce un indice di rifrazione del vuoto nQED​>1. Ciò crea un disaccoppiamento di fase (Δk=kγ​−kg​=0) tra il fotone e il gravitone espresso dal parametro di disallineamento:",,,,NOT_CHECKED,UNREVIEWED,Automatically detected formula candidate; requires human mathematical review.
UMCH-EQ-0283,UMCH-SRC-P0452,ΔkQED​≈45π11α​(BQED​B0​​)2cω​,,,,NOT_CHECKED,UNREVIEWED,Automatically detected formula candidate; requires human mathematical review.
UMCH-EQ-0284,UMCH-SRC-P0453,"In assenza di un plasma magnetosferico risonante che compensi Δk, la probabilità effettiva viene soppressa di un fattore (ΔkLint​2θ​)2, riducendo la conversione omogenea nel vuoto a meno che non si verifichi una conversione risonante di tipo MSW nello strato sottile dove ωp2​≈ωQED2​.",,,,NOT_CHECKED,UNREVIEWED,Automatically detected formula candidate; requires human mathematical review.
UMCH-EQ-0285,UMCH-SRC-P0456,Δntotale​=ΔnQED​+Δnplasma​=0,,,,NOT_CHECKED,UNREVIEWED,Automatically detected formula candidate; requires human mathematical review.
UMCH-EQ-0286,UMCH-SRC-P0459,ΔnQED​=45π7α​(BQED​B0​​)2,,,,NOT_CHECKED,UNREVIEWED,Automatically detected formula candidate; requires human mathematical review.
UMCH-EQ-0287,UMCH-SRC-P0461,Δnplasma​=−2ω2ωp2​​,,,,NOT_CHECKED,UNREVIEWED,Automatically detected formula candidate; requires human mathematical review.
UMCH-EQ-0288,UMCH-SRC-P0462,dove la frequenza di plasma è ωp​=ϵ0​me​ne​e2​​ e ω=2πf è la frequenza dell'onda.,,,,NOT_CHECKED,UNREVIEWED,Automatically detected formula candidate; requires human mathematical review.
UMCH-EQ-0289,UMCH-SRC-P0463,C. Condizione di Risonanza (Δnplasma​+ΔnQED​=0):,,,,NOT_CHECKED,UNREVIEWED,Automatically detected formula candidate; requires human mathematical review.
UMCH-EQ-0290,UMCH-SRC-P0464,2ω2ωp2​​=ΔnQED​⟹ne​=e28π2ϵ0​me​​ΔnQED​⋅f2,,,,NOT_CHECKED,UNREVIEWED,Automatically detected formula candidate; requires human mathematical review.
UMCH-EQ-0291,UMCH-SRC-P0467,B0​=1015 G=1011 T,,,,NOT_CHECKED,UNREVIEWED,Automatically detected formula candidate; requires human mathematical review.
UMCH-EQ-0292,UMCH-SRC-P0468,BQED​=4.41×1013 G=4.41×109 T,,,,NOT_CHECKED,UNREVIEWED,Automatically detected formula candidate; requires human mathematical review.
UMCH-EQ-0293,UMCH-SRC-P0469,Ratio: (BQED​B0​​)2≈(22.68)2≈514.2,,,,NOT_CHECKED,UNREVIEWED,Automatically detected formula candidate; requires human mathematical review.
UMCH-EQ-0294,UMCH-SRC-P0470,Valore di ΔnQED​:,,,,NOT_CHECKED,UNREVIEWED,Automatically detected formula candidate; requires human mathematical review.
UMCH-EQ-0295,UMCH-SRC-P0471,ΔnQED​=45π7×(1/137.036)​×514.2≈0.186,,,,NOT_CHECKED,UNREVIEWED,Automatically detected formula candidate; requires human mathematical review.
UMCH-EQ-0296,UMCH-SRC-P0473,e28π2ϵ0​me​​≈2.48×10−2 m−3 Hz−2,,,,NOT_CHECKED,UNREVIEWED,Automatically detected formula candidate; requires human mathematical review.
UMCH-EQ-0297,UMCH-SRC-P0475,ne​(f)≈(2.48×10−2)×0.186×f2≈4.6×10−3⋅f2[m−3],,,,NOT_CHECKED,UNREVIEWED,Automatically detected formula candidate; requires human mathematical review.
UMCH-EQ-0298,UMCH-SRC-P0476,ne​(f)≈4.6×10−9⋅f2[cm−3],,,,NOT_CHECKED,UNREVIEWED,Automatically detected formula candidate; requires human mathematical review.
UMCH-EQ-0299,UMCH-SRC-P0479,"Per verificare la realizzabilità fisica, confrontiamo questi valori con la densità di Goldreich-Julian (nGJ​) della magnetar (periodo P≈7.54 s):",,,,NOT_CHECKED,UNREVIEWED,Automatically detected formula candidate; requires human mathematical review.
UMCH-EQ-0300,UMCH-SRC-P0480,nGJ​=ecP4πB0​​≈3.5×1015 cm−3,,,,NOT_CHECKED,UNREVIEWED,Automatically detected formula candidate; requires human mathematical review.
UMCH-EQ-0301,UMCH-SRC-P0481,"Poiché la produzione di coppie e± nella magnetosfera di una magnetar genera un fattore di moltiplicazione M∼103−105, la densità effettiva del plasma raggiunge neff​∼MnGJ​≈1018−1020 cm−3.",,,,NOT_CHECKED,UNREVIEWED,Automatically detected formula candidate; requires human mathematical review.
UMCH-EQ-0302,UMCH-SRC-P0490,L'applicazione del rapporto d'emissione strutturale R=Pgrav​PEM​​ a oggetti compatti richiede la caratterizzazione del parametro di curvatura cinematica κ0​ lungo le linee di campo magnetico della stella di neutroni.,,,,NOT_CHECKED,UNREVIEWED,Automatically detected formula candidate; requires human mathematical review.
UMCH-EQ-0303,UMCH-SRC-P0491,"Per un oggetto compatto di massa M≈1.4M⊙​ e raggio RN​≈10 km, con un campo magnetico dipolare di superficie B0​, il raggio di curvatura ρcurv​ e la curvatura κ0​ lungo le linee di campo magnetico si esprimono come:",,,,NOT_CHECKED,UNREVIEWED,Automatically detected formula candidate; requires human mathematical review.
UMCH-EQ-0304,UMCH-SRC-P0492,κ0​=ρcurv​1​=4r3sinθ​1+cos2θ​,,,,NOT_CHECKED,UNREVIEWED,Automatically detected formula candidate; requires human mathematical review.
UMCH-EQ-0305,UMCH-SRC-P0495,"Per particelle ultra-relativistiche (γ≫1, β→1) accelerate lungo le linee di campo nell'atmosfera della magnetar o in prossimità del light cylinder rLC​=Ωc​, la potenza radiata nei due canali da una singola carica esprime il rapporto incondizionato:",,,,NOT_CHECKED,UNREVIEWED,Automatically detected formula candidate; requires human mathematical review.
UMCH-EQ-0306,UMCH-SRC-P0496,R=12πϵ0​Gc45​(m0​q​)2,,,,NOT_CHECKED,UNREVIEWED,Automatically detected formula candidate; requires human mathematical review.
UMCH-EQ-0307,UMCH-SRC-P0497,"Per un plasma di coppia elettrone-positrone (q=e, m0​=me​), si ottiene il limite microscopico teorico:",,,,NOT_CHECKED,UNREVIEWED,Automatically detected formula candidate; requires human mathematical review.
UMCH-EQ-0308,UMCH-SRC-P0498,R(e±)​=12πϵ0​Gc45​(me​e​)2≈4.17×1042,,,,NOT_CHECKED,UNREVIEWED,Automatically detected formula candidate; requires human mathematical review.
UMCH-EQ-0309,UMCH-SRC-P0504,ϵ≈I0​ΔI​∼GM2RN4​Bint2​​≈10−6(1015 GBint​​)2,,,,NOT_CHECKED,UNREVIEWED,Automatically detected formula candidate; requires human mathematical review.
UMCH-EQ-0310,UMCH-SRC-P0506,"PEM, dip​=3μ0​c32​B02​RN6​Ω4sin2α",,,,NOT_CHECKED,UNREVIEWED,Automatically detected formula candidate; requires human mathematical review.
UMCH-EQ-0311,UMCH-SRC-P0507,PGW​=5c532G​I02​ϵ2Ω6,,,,NOT_CHECKED,UNREVIEWED,Automatically detected formula candidate; requires human mathematical review.
UMCH-EQ-0312,UMCH-SRC-P0509,"Rmac​=PGW​PEM, dip​​=48πϵ0​GI02​ϵ2Ω25c2B02​RN6​sin2α​∝Ω21​(Bint​B0​​)2(RN2​GM2​)2",,,,NOT_CHECKED,UNREVIEWED,Automatically detected formula candidate; requires human mathematical review.
UMCH-EQ-0313,UMCH-SRC-P0515,"Pγ→g​=sin2(θ),con θ=21​B0​πϵ0​c4G​​Lint​",,,,NOT_CHECKED,UNREVIEWED,Automatically detected formula candidate; requires human mathematical review.
UMCH-EQ-0314,UMCH-SRC-P0517,G≈6.6743×10−11 m3 kg−1 s−2,,,,NOT_CHECKED,UNREVIEWED,Automatically detected formula candidate; requires human mathematical review.
UMCH-EQ-0315,UMCH-SRC-P0518,ϵ0​≈8.8542×10−12 F m−1,,,,NOT_CHECKED,UNREVIEWED,Automatically detected formula candidate; requires human mathematical review.
UMCH-EQ-0316,UMCH-SRC-P0519,c≈2.9979×108 m s−1,,,,NOT_CHECKED,UNREVIEWED,Automatically detected formula candidate; requires human mathematical review.
UMCH-EQ-0317,UMCH-SRC-P0520,B0​=1015 G=1011 T,,,,NOT_CHECKED,UNREVIEWED,Automatically detected formula candidate; requires human mathematical review.
UMCH-EQ-0318,UMCH-SRC-P0521,Lint​=RN​=10 km=104 m,,,,NOT_CHECKED,UNREVIEWED,Automatically detected formula candidate; requires human mathematical review.
UMCH-EQ-0319,UMCH-SRC-P0523,πϵ0​c4G​​≈1.724×10−17 T−1 m−1,,,,NOT_CHECKED,UNREVIEWED,Automatically detected formula candidate; requires human mathematical review.
UMCH-EQ-0320,UMCH-SRC-P0525,θ=21​×1011×(1.724×10−17)×104=8.62×10−3 rad,,,,NOT_CHECKED,UNREVIEWED,Automatically detected formula candidate; requires human mathematical review.
UMCH-EQ-0321,UMCH-SRC-P0526,Applicando l'approssimazione per piccoli angoli (sinθ≈θ):,,,,NOT_CHECKED,UNREVIEWED,Automatically detected formula candidate; requires human mathematical review.
UMCH-EQ-0322,UMCH-SRC-P0527,Pγ→g​≈θ2=(8.62×10−3)2≈7.43×10−5,,,,NOT_CHECKED,UNREVIEWED,Automatically detected formula candidate; requires human mathematical review.
UMCH-EQ-0323,UMCH-SRC-P0528,"(Nota: considerando un raggio stellare RN​=12 km, si ottiene θ=1.035×10−2 rad e Pγ→g​≈1.07×10−4).",,,,NOT_CHECKED,UNREVIEWED,Automatically detected formula candidate; requires human mathematical review.
UMCH-EQ-0324,UMCH-SRC-P0530,"Nel regime di campo ultra-critico B0​≫BQED​≈4.41×1013 G, la polarizzazione del vuoto descritta dalla lagrangiana di Euler-Heisenberg modifica l'indice di rifrazione del vuoto (nQED​>1), introducendo un disaccoppiamento di fase che sopprime la conversione omogenea.",,,,NOT_CHECKED,UNREVIEWED,Automatically detected formula candidate; requires human mathematical review.
UMCH-EQ-0325,UMCH-SRC-P0532,Δntotale​=ΔnQED​+Δnplasma​=0,,,,NOT_CHECKED,UNREVIEWED,Automatically detected formula candidate; requires human mathematical review.
UMCH-EQ-0326,UMCH-SRC-P0535,ΔnQED​=45π7α​(BQED​B0​​)2,,,,NOT_CHECKED,UNREVIEWED,Automatically detected formula candidate; requires human mathematical review.
UMCH-EQ-0327,UMCH-SRC-P0536,La componente dell'indice di rifrazione del plasma è espressa in funzione della frequenza di plasma ωp​=ϵ0​me​ne​e2​​:,,,,NOT_CHECKED,UNREVIEWED,Automatically detected formula candidate; requires human mathematical review.
UMCH-EQ-0328,UMCH-SRC-P0537,Δnplasma​=−2ω2ωp2​​,,,,NOT_CHECKED,UNREVIEWED,Automatically detected formula candidate; requires human mathematical review.
UMCH-EQ-0329,UMCH-SRC-P0538,"Uguagliando i termini (Δnplasma​+ΔnQED​=0), si ricava la densità elettronica risonante ne​:",,,,NOT_CHECKED,UNREVIEWED,Automatically detected formula candidate; requires human mathematical review.
UMCH-EQ-0330,UMCH-SRC-P0539,ne​=e28π2ϵ0​me​​ΔnQED​⋅f2,,,,NOT_CHECKED,UNREVIEWED,Automatically detected formula candidate; requires human mathematical review.
UMCH-EQ-0331,UMCH-SRC-P0541,"Per B0​=1015 G, si ha (BQED​B0​​)2≈514.2, da cui:",,,,NOT_CHECKED,UNREVIEWED,Automatically detected formula candidate; requires human mathematical review.
UMCH-EQ-0332,UMCH-SRC-P0542,ΔnQED​=45π7×(1/137.036)​×514.2≈0.186,,,,NOT_CHECKED,UNREVIEWED,Automatically detected formula candidate; requires human mathematical review.
UMCH-EQ-0333,UMCH-SRC-P0544,ne​(f)≈(2.48×10−2)×0.186×f2≈4.6×10−3⋅f2[m−3],,,,NOT_CHECKED,UNREVIEWED,Automatically detected formula candidate; requires human mathematical review.
UMCH-EQ-0334,UMCH-SRC-P0545,ne​(f)≈4.6×10−9⋅f2[cm−3],,,,NOT_CHECKED,UNREVIEWED,Automatically detected formula candidate; requires human mathematical review.
UMCH-EQ-0335,UMCH-SRC-P0548,"Per stabilire la realizzabilità fisica del processo risonante, la densità teorica calcolata deve essere confrontata con la densità di Goldreich-Julian (nGJ​) per SGR 1806-20 (periodo P≈7.54 s):",,,,NOT_CHECKED,UNREVIEWED,Automatically detected formula candidate; requires human mathematical review.
UMCH-EQ-0336,UMCH-SRC-P0549,nGJ​=ecP4πB0​​≈3.5×1015 cm−3,,,,NOT_CHECKED,UNREVIEWED,Automatically detected formula candidate; requires human mathematical review.
UMCH-EQ-0337,UMCH-SRC-P0551,neff​≈M⋅nGJ​∼1018−1020 cm−3,,,,NOT_CHECKED,UNREVIEWED,Automatically detected formula candidate; requires human mathematical review.
UMCH-EQ-0338,UMCH-SRC-P0560,"Dominio dell'Elettromagnetismo (R≈1042): Il rapporto calcolato R=PEM​/Pgrav​≈1042 indica che le cariche elettriche convertono la loro energia quasi esclusivamente in radiazione elettromagnetica. L'effetto gravitazionale diretto generato dalla manipolazione di elettroni e ioni è inferiore di 42 ordini di grandezza, risultando impercettibile.",,,,NOT_CHECKED,UNREVIEWED,Automatically detected formula candidate; requires human mathematical review.
UMCH-EQ-0339,UMCH-SRC-P0567,"Nelle equazioni di campo di Einstein, la curvatura dello spaziotempo è legata al tensore energia-impulso Tμν​:",,,,NOT_CHECKED,UNREVIEWED,Automatically detected formula candidate; requires human mathematical review.
UMCH-EQ-0340,UMCH-SRC-P0568,Gμν​=c48πG​Tμν​,,,,NOT_CHECKED,UNREVIEWED,Automatically detected formula candidate; requires human mathematical review.
UMCH-EQ-0341,UMCH-SRC-P0569,"I teoremi sulle singolarità di Penrose-Hawking dimostrano che la gravità è strettamente attrattiva a patto che sia rispettata la Condizione Debole sull'Energia (WEC), la quale impone che per ogni osservatore con quadri-velocità uμ:",,,,NOT_CHECKED,UNREVIEWED,Automatically detected formula candidate; requires human mathematical review.
UMCH-EQ-0342,UMCH-SRC-P0570,Tμν​uμuν≥0⟹ρ≥0eρc2+pi​≥0,,,,NOT_CHECKED,UNREVIEWED,Automatically detected formula candidate; requires human mathematical review.
UMCH-EQ-0343,UMCH-SRC-P0573,2. Pressione Negativa e la Costante Cosmologica (Λ),,,,NOT_CHECKED,UNREVIEWED,Automatically detected formula candidate; requires human mathematical review.
UMCH-EQ-0344,UMCH-SRC-P0575,aa¨​=−34πG​(ρ+c23p​)+3Λc2​,,,,NOT_CHECKED,UNREVIEWED,Automatically detected formula candidate; requires human mathematical review.
UMCH-EQ-0345,UMCH-SRC-P0576,"Quando l'equazione di stato della materia/energia ha una pressione fortemente negativa (p<−31​ρc2), come nel caso dell'Energia Oscura (p=−ρc2), il termine di accelerazione dell'universo a¨ diventa positivo. Questa repulsione gravitazionale su larga scala guida l'espansione accelerata dell'Universo.",,,,NOT_CHECKED,UNREVIEWED,Automatically detected formula candidate; requires human mathematical review.
UMCH-EQ-0346,UMCH-SRC-P0577,"3. Cancellazione nelle Teorie di Supergravità (N=2,8)",,,,NOT_CHECKED,UNREVIEWED,Automatically detected formula candidate; requires human mathematical review.
UMCH-EQ-0347,UMCH-SRC-P0581,"Dal punto di vista matematico della Relatività Generale, il principio di equivalenza impone che la massa gravitazionale dell'antimateria sia identica a quella della materia (manti​=m>0).",,,,NOT_CHECKED,UNREVIEWED,Automatically detected formula candidate; requires human mathematical review.
UMCH-EQ-0348,UMCH-SRC-P0586,"Se il tensore di curvatura di Riemann Rμναβ​=0 in ogni punto dell'Universo, il moto rettilineo uniforme newtoniano è un'astrazione priva di realtà fisica. Le particelle ""libere"" non si muovono lungo rette, ma lungo geodetiche in uno spaziotempo curvo:",,,,NOT_CHECKED,UNREVIEWED,Automatically detected formula candidate; requires human mathematical review.
UMCH-EQ-0349,UMCH-SRC-P0587,dτ2d2xμ​+Γαβμ​dτdxα​dτdxβ​=0,,,,NOT_CHECKED,UNREVIEWED,Automatically detected formula candidate; requires human mathematical review.
UMCH-EQ-0350,UMCH-SRC-P0591,La presenza di una curvatura minima di fondo κ0​>0 implica che ogni traiettoria possiede un'accelerazione di curvatura intrinseca Aμ=c2κ0​Nμ.,,,,NOT_CHECKED,UNREVIEWED,Automatically detected formula candidate; requires human mathematical review.
UMCH-EQ-0351,UMCH-SRC-P0595,"Qualsiasi corpo in moto ""dritto"" percorre una geodetica chiusa che ritorna al punto di partenza dopo una distanza caratteristica L=2πRuniverso​.",,,,NOT_CHECKED,UNREVIEWED,Automatically detected formula candidate; requires human mathematical review.
UMCH-EQ-0352,UMCH-SRC-P0599,"K(b,a)=∫D[x(t)]eℏi​S[x(t)]",,,,NOT_CHECKED,UNREVIEWED,Automatically detected formula candidate; requires human mathematical review.
UMCH-EQ-0353,UMCH-SRC-P0600,"A scala quantistica, le traiettorie hanno una dimensione frattale DH​=2 (analoga al moto browniano).",,,,NOT_CHECKED,UNREVIEWED,Automatically detected formula candidate; requires human mathematical review.
UMCH-EQ-0354,UMCH-SRC-P0601,"La ""linea retta"" classica è unicamente il risultato dell'interferenza costruttiva delle fasi quantistiche nel limite semiclassico (ℏ→0).",,,,NOT_CHECKED,UNREVIEWED,Automatically detected formula candidate; requires human mathematical review.
